[21:02:20] [main/INFO]: Loading Minecraft 1.20.1 with Fabric Loader 0.18.4
[21:02:20] [ForkJoinPool-1-worker-2/WARN]: Mod screenshottoclipboard uses the version 1.0.0-1.18.2~1.20.4-release which isn't compatible with Loader's extended semantic version format (Invalid prerelease string '1.18.2~1.20.4-release'!), SemVer is recommended for reliably evaluating dependencies and prioritizing newer version
[21:02:20] [ForkJoinPool-1-worker-4/WARN]: Mod oceansdelight uses the version fdrf-fabric-1.0.2-1.20 which isn't compatible with Loader's extended semantic version format (Could not parse version number component 'fdrf'!), SemVer is recommended for reliably evaluating dependencies and prioritizing newer version
[21:02:21] [ForkJoinPool-1-worker-2/WARN]: Mod ends_delight uses the version refabricated-1.20.1-2.5 which isn't compatible with Loader's extended semantic version format (Could not parse version number component 'refabricated'!), SemVer is recommended for reliably evaluating dependencies and prioritizing newer version
[21:02:21] [ForkJoinPool-1-worker-4/WARN]: Mod fairylights uses the version 1.1.4_fabric which isn't compatible with Loader's extended semantic version format (Could not parse version number component '4_fabric'!), SemVer is recommended for reliably evaluating dependencies and prioritizing newer version
[21:02:21] [ForkJoinPool-1-worker-1/WARN]: The mod "brewery" contains invalid entries in its mod json:
- Unsupported root entry "credits" at line 10 column 12
[21:02:21] [ForkJoinPool-1-worker-3/WARN]: Mod simplehats uses the version 0.4.0a which isn't compatible with Loader's extended semantic version format (Could not parse version number component '0a'!), SemVer is recommended for reliably evaluating dependencies and prioritizing newer version
[21:02:21] [ForkJoinPool-1-worker-4/WARN]: Mod mob_explosion_griefing uses the version 1.1.0_1.20.x which isn't compatible with Loader's extended semantic version format (Could not parse version number component '0_1'!), SemVer is recommended for reliably evaluating dependencies and prioritizing newer version
[21:02:21] [ForkJoinPool-1-worker-3/WARN]: Mod stutterfix uses the version mc1.20.1-0.2.0 which isn't compatible with Loader's extended semantic version format (Could not parse version number component 'mc1'!), SemVer is recommended for reliably evaluating dependencies and prioritizing newer version
[21:02:21] [ForkJoinPool-1-worker-4/WARN]: The mod "candlelight" contains invalid entries in its mod json:
- Unsupported root entry "credits" at line 10 column 12
[21:02:21] [ForkJoinPool-1-worker-2/WARN]: Mod com_github_rtyley_animated-gif-lib-for-java uses the version animated-gif-lib-1.7 which isn't compatible with Loader's extended semantic version format (Could not parse version number component 'animated'!), SemVer is recommended for reliably evaluating dependencies and prioritizing newer version
[21:02:21] [main/WARN]: Warnings were found!
 - Mod 'Bridging Mod' (bridgingmod) 2.5.1+1.20.1 recommends version 7.1.0 or later of modmenu, which is missing!
	 - You should install version 7.1.0 or later of modmenu for the optimal experience.
 - Mod 'Crafting Pad' (craftingpad) 1.0.12 recommends any version of modmenu, which is missing!
	 - You should install any version of modmenu for the optimal experience.
 - Mod 'Debugify' (debugify) 1.20.1+2.0 recommends any 3.x version of yet-another-config-lib, which is missing!
	 - You should install any 3.x version of yet-another-config-lib for the optimal experience.
 - Mod 'Debugify' (debugify) 1.20.1+2.0 recommends any version of modmenu, which is missing!
	 - You should install any version of modmenu for the optimal experience.
 - Mod 'Too Cheap!' (too-cheap) 1.4.0+mc1.20 recommends version 7.2.2 or later of modmenu, which is missing!
	 - You should install version 7.2.2 or later of modmenu for the optimal experience.
[21:02:21] [main/INFO]: Loading 527 mods:
	- accelerateddecay 3.0.1+mc1.20.1
	- accessories 1.0.0-beta.48+1.20.1
	   |-- io_wispforest_endec 0.1.8
	   |-- io_wispforest_endec_gson 0.1.5
	   \-- io_wispforest_endec_netty 0.1.4
	- advancednetherite 2.1.3-1.20.1
	- alcocraftplus 2.1.0
	- almanac 1.0.2
	- amendments 1.20-2.2.5
	- animal_feeding_trough 1.1.0+1.20.1
	- appleskin 2.5.2+mc1.20.1
	- architectury 9.2.14
	- armorstatues 8.0.6
	   \-- puzzlesapi 8.1.4
	- athena 3.1.2
	- azurelib 3.0.27
	- balm 7.3.38
	   \-- kuma_api 20.1.12
	- beachparty 2.0.3
	- beautify 2.0.0+1.20.1
	- better_climbing 3
	- betterdungeons 1.20-Fabric-4.0.4
	   \-- org_reflections_reflections 0.10.2
	- betterendisland 1.20-Fabric-2.0.6
	- betterfortresses 1.20-Fabric-2.0.6
	- bettermineshafts 1.20-Fabric-4.0.4
	- betterstrongholds 1.20-Fabric-4.0.3
	- betterthanmending 1.3.0
	- biomeswevegone 1.7.5
	- blahaj 0.3.2
	- blockrunner 8.0.4
	- bookshelf 20.2.15
	- brewery 2.0.6
	- bridgingmod 2.5.1+1.20.1
	- c2me 0.2.0+alpha.11.16
	   |-- c2me-base 0.2.0+alpha.11.16
	   |-- c2me-client-uncapvd 0.2.0+alpha.11.16
	   |-- c2me-fixes-chunkio-threading-issues 0.2.0+alpha.11.16
	   |-- c2me-fixes-general-threading-issues 0.2.0+alpha.11.16
	   |-- c2me-fixes-worldgen-threading-issues 0.2.0+alpha.11.16
	   |-- c2me-fixes-worldgen-vanilla-bugs 0.2.0+alpha.11.16
	   |-- c2me-notickvd 0.2.0+alpha.11.16
	   |-- c2me-opts-allocs 0.2.0+alpha.11.16
	   |-- c2me-opts-chunk-access 0.2.0+alpha.11.16
	   |-- c2me-opts-chunkio 0.2.0+alpha.11.16
	   |-- c2me-opts-math 0.2.0+alpha.11.16
	   |-- c2me-opts-scheduling 0.2.0+alpha.11.16
	   |-- c2me-opts-worldgen-general 0.2.0+alpha.11.16
	   |-- c2me-opts-worldgen-vanilla 0.2.0+alpha.11.16
	   |-- c2me-rewrites-chunk-serializer 0.2.0+alpha.11.16
	   |-- c2me-rewrites-chunkio 0.2.0+alpha.11.16
	   |-- c2me-server-utils 0.2.0+alpha.11.16
	   |-- c2me-threading-chunkio 0.2.0+alpha.11.16
	   |-- c2me-threading-lighting 0.2.0+alpha.11.16
	   |-- c2me-threading-worldgen 0.2.0+alpha.11.16
	   |-- com_ibm_async_asyncutil 0.1.0
	   |-- net_objecthunter_exp4j 0.4.8
	   \-- org_threadly_threadly 7.0
	- camerapture 1.10.12
	   \-- dev_matrixlab_webp4j 1.3.0
	- candlelight 2.0.5
	- carrasconlib 1.20.1-0.1
	- carryon 2.1.2.7
	- celesteconfig 1.1.1
	- chefsdelight 1.0.4-fabric-1.20.1
	   \-- structurized-reborn 1.20.1-01
	- chipped 3.0.7
	- chunky 1.3.146
	- cicada 0.14.3+1.20.1
	   \-- org_yaml_snakeyaml 2.2
	- cloth-config 11.1.136
	   \-- cloth-basic-math 0.6.1
	- clumps 12.0.0.4
	- clutter 1.20-0.6.2
	- collective 8.22
	- comforts 6.4.0+1.20.1
	- commonnetworking 1.0.5-1.20.1
	- configurable 2.2.3
	- configured 1.3.1
	   \-- betterconfig 1.2.1
	- connectiblechains 2.5.5+1.20.1
	- constructionwand 2.1.2
	   \-- dev_smto_simpleconfig 2.4.3+1.20.1
	- convenientnametags 1.1.0
	   \-- omega-config 1.4.0+1.20.1
	- coolrain 1.4.0-1.20.1
	- copperagebackport 0.1.4
	- copycats 3.0.7+mc.1.20.1-fabric
	- corgilib 4.0.3.4
	   |-- com_electronwill_night-config_core 3.8.2
	   \-- com_electronwill_night-config_toml 3.8.2
	- coroutil 1.20.1-1.3.7
	- cozystudioscore 1.4-1.20.1
	- craftingpad 1.0.12
	- crafttweaker 14.0.60
	- cratedelight 25.9.22-1.20-fabric
	- craterlib 3.1.1
	   |-- net_kyori_adventure-api 4.26.1
	   |-- net_kyori_adventure-key 4.26.1
	   |-- net_kyori_adventure-text-minimessage 4.26.1
	   |-- net_kyori_adventure-text-serializer-commons 4.26.1
	   |-- net_kyori_adventure-text-serializer-gson 4.26.1
	   |-- net_kyori_adventure-text-serializer-json 4.26.1
	   |-- net_kyori_adventure-text-serializer-plain 4.26.1
	   |-- net_kyori_examination-api 1.3.0
	   |-- net_kyori_examination-string 1.3.0
	   \-- net_kyori_option 1.1.0
	- create 6.0.8.1+build.1744-mc1.20.1
	   |-- com_google_code_findbugs_jsr305 3.0.2
	   |-- flywheel 1.0.5+1.20.1.build.264
	   |-- milk 1.2.60
	   |    \-- dripstone_fluid_lib 3.0.2
	   |-- ponder 1.0.91
	   |    |-- com_google_code_findbugs_jsr305 3.0.2
	   |    |-- flywheel 1.0.0
	   |    \-- javax_annotation_javax_annotation-api 1.3.2
	   |-- porting_lib_accessors 2.3.13+1.20.1
	   |    \-- porting_lib_core 2.3.13+1.20.1
	   |-- porting_lib_base 2.3.13+1.20.1
	   |    |-- porting_lib_attributes 2.3.13+1.20.1
	   |    |-- porting_lib_common 2.3.13+1.20.1
	   |    |-- porting_lib_config 2.3.13+1.20.1
	   |    |-- porting_lib_core 2.3.13+1.20.1
	   |    |-- porting_lib_fluids 2.3.13+1.20.1
	   |    |-- porting_lib_gui_utils 2.3.13+1.20.1
	   |    |-- porting_lib_lazy_registration 2.3.13+1.20.1
	   |    |-- porting_lib_mixin_extensions 2.3.13+1.20.1
	   |    |-- porting_lib_utility 2.3.13+1.20.1
	   |    \-- reach-entity-attributes 2.4.0
	   |-- porting_lib_brewing 2.3.13+1.20.1
	   |    \-- porting_lib_core 2.3.13+1.20.1
	   |-- porting_lib_client_events 2.3.13+1.20.1
	   |    \-- porting_lib_core 2.3.13+1.20.1
	   |-- porting_lib_entity 2.3.13+1.20.1
	   |    |-- porting_lib_core 2.3.13+1.20.1
	   |    \-- porting_lib_mixin_extensions 2.3.13+1.20.1
	   |-- porting_lib_extensions 2.3.13+1.20.1
	   |    |-- porting_lib_attributes 2.3.13+1.20.1
	   |    |-- porting_lib_common 2.3.13+1.20.1
	   |    |-- porting_lib_core 2.3.13+1.20.1
	   |    \-- reach-entity-attributes 2.4.0
	   |-- porting_lib_model_generators 2.3.13+1.20.1
	   |    |-- porting_lib_core 2.3.13+1.20.1
	   |    |-- porting_lib_data 2.3.13+1.20.1
	   |    |-- porting_lib_model_materials 2.3.13+1.20.1
	   |    \-- porting_lib_utility 2.3.13+1.20.1
	   |-- porting_lib_models 2.3.13+1.20.1
	   |    |-- porting_lib_core 2.3.13+1.20.1
	   |    |-- porting_lib_fluids 2.3.13+1.20.1
	   |    \-- porting_lib_model_loader 2.3.13+1.20.1
	   |-- porting_lib_networking 2.3.13+1.20.1
	   |    \-- porting_lib_core 2.3.13+1.20.1
	   |-- porting_lib_obj_loader 2.3.13+1.20.1
	   |    |-- porting_lib_core 2.3.13+1.20.1
	   |    \-- porting_lib_model_loader 2.3.13+1.20.1
	   |-- porting_lib_tool_actions 2.3.13+1.20.1
	   |    \-- porting_lib_core 2.3.13+1.20.1
	   |-- porting_lib_transfer 2.3.13+1.20.1
	   |    |-- porting_lib_core 2.3.13+1.20.1
	   |    \-- porting_lib_fluids 2.3.13+1.20.1
	   |-- reach-entity-attributes 2.4.0
	   \-- registrate-fabric 1.3.79-MC1.20.1
	        |-- com_google_code_findbugs_jsr305 3.0.2
	        \-- porting_lib_tags 3.0
	             \-- porting_lib_gametest 2.1.1090+1.20
	- create_oxidized 0.1.1+1.20.1
	   \-- terraform-wood-api-v1 7.0.1
	- createcontraptionterminals 1.2.0
	- createdeco 2.1.1-1.20.1-fabric
	- creativecore 2.12.36
	   \-- net_minecraftforge_eventbus 6.0.3
	- cristellib 1.1.5
	   \-- blue_endless_jankson 1.2.3
	- crops_love_rain 1.4.0
	   \-- cactusconfig 2.1.1+knot+1.20.1
	        |-- fabric-rendering-v1 3.0.6+b3afc78b77
	        \-- spruceui 5.0.0+1.20
	- darkpaintings 17.0.6
	- darksmelting 1.0.6
	- dataanchor 1.0.0.20
	- debugify 1.20.1+2.0
	- deeperdarker 1.3.3-plus-b
	   \-- customportalapi 0.0.1-beta64-1.20
	- defaultoptions 18.0.4
	- deimos 2.4
	- deltaboxlib 2.2.0
	- diagonalwalls 8.0.4
	   \-- diagonalblocks 8.0.6
	- diagonalwindows 8.1.5
	   \-- diagonalblocks 8.0.6
	- doubledoors 7.2
	- drippyloadingscreen 3.1.0
	- duckling 4.0.0
	- dummmmmmy 1.20-2.0.12
	- dustydecorations 1.1-1.20.1+1.20.2
	- easymagic 8.0.1
	- eldritch_end 0.3.4
	   \-- aaa_particles 1.20.1-1.4.5
	- elytraslot 6.4.4+1.20.1
	   \-- mixinsquared 0.1.2-beta.6
	- emojiful 4.2.0
	   \-- com_esotericsoftware_yamlbeans_yamlbeans 1.15
	- enchanter_fix 1.8
	- ends_delight refabricated-1.20.1-2.5
	- entityculling 1.10.2
	   |-- transition 1.0.19
	   \-- trender 1.0.13
	- explorerscompass 1.20.1-2.6.0-fabric
	- extremesoundmuffler 3.51
	   \-- fiber 0.23.0-2
	- fabric-api 0.92.8+1.20.1
	   |-- fabric-api-base 0.4.32+1802ada577
	   |-- fabric-api-lookup-api-v1 1.6.37+1802ada577
	   |-- fabric-biome-api-v1 13.0.15+93aa238b77
	   |-- fabric-block-api-v1 1.0.12+1802ada577
	   |-- fabric-block-view-api-v2 1.0.3+924f046a77
	   |-- fabric-blockrenderlayer-v1 1.1.42+1802ada577
	   |-- fabric-client-tags-api-v1 1.1.3+1802ada577
	   |-- fabric-command-api-v1 1.2.35+f71b366f77
	   |-- fabric-command-api-v2 2.2.14+1802ada577
	   |-- fabric-commands-v0 0.2.52+df3654b377
	   |-- fabric-containers-v0 0.1.67+df3654b377
	   |-- fabric-content-registries-v0 4.0.13+1802ada577
	   |-- fabric-convention-tags-v1 1.5.6+1802ada577
	   |-- fabric-crash-report-info-v1 0.2.20+1802ada577
	   |-- fabric-data-attachment-api-v1 1.0.2+de0fd6d177
	   |-- fabric-data-generation-api-v1 12.3.8+1802ada577
	   |-- fabric-dimensions-v1 2.1.55+1802ada577
	   |-- fabric-entity-events-v1 1.6.1+1c78457f77
	   |-- fabric-events-interaction-v0 0.6.5+13a40c6677
	   |-- fabric-events-lifecycle-v0 0.2.64+df3654b377
	   |-- fabric-game-rule-api-v1 1.0.41+1802ada577
	   |-- fabric-item-api-v1 2.1.29+1802ada577
	   |-- fabric-item-group-api-v1 4.0.14+1802ada577
	   |-- fabric-key-binding-api-v1 1.0.38+1802ada577
	   |-- fabric-keybindings-v0 0.2.36+df3654b377
	   |-- fabric-lifecycle-events-v1 2.2.23+1802ada577
	   |-- fabric-loot-api-v2 1.2.3+1802ada577
	   |-- fabric-loot-tables-v1 1.1.47+9e7660c677
	   |-- fabric-message-api-v1 5.1.10+1802ada577
	   |-- fabric-mining-level-api-v1 2.1.52+1802ada577
	   |-- fabric-model-loading-api-v1 1.0.4+1802ada577
	   |-- fabric-models-v0 0.4.3+9386d8a777
	   |-- fabric-networking-api-v1 1.3.14+a158aa0477
	   |-- fabric-networking-v0 0.3.54+df3654b377
	   |-- fabric-object-builder-api-v1 11.1.5+e35120df77
	   |-- fabric-particles-v1 1.1.3+1802ada577
	   |-- fabric-recipe-api-v1 1.0.24+1802ada577
	   |-- fabric-registry-sync-v0 2.4.0+4c0a70e677
	   |-- fabric-renderer-api-v1 3.2.2+1802ada577
	   |-- fabric-renderer-indigo 1.5.3+85287f9f77
	   |-- fabric-renderer-registries-v1 3.2.47+df3654b377
	   |-- fabric-rendering-data-attachment-v1 0.3.39+92a0d36777
	   |-- fabric-rendering-fluids-v1 3.0.29+1802ada577
	   |-- fabric-rendering-v0 1.1.50+df3654b377
	   |-- fabric-rendering-v1 3.0.9+1802ada577
	   |-- fabric-resource-conditions-api-v1 2.3.9+1802ada577
	   |-- fabric-resource-loader-v0 0.11.12+fb82e9d777
	   |-- fabric-screen-api-v1 2.0.9+1802ada577
	   |-- fabric-screen-handler-api-v1 1.3.33+1802ada577
	   |-- fabric-sound-api-v1 1.0.14+1802ada577
	   |-- fabric-transfer-api-v1 3.3.6+8dd72ea377
	   \-- fabric-transitive-access-wideners-v1 4.3.2+1802ada577
	- fabric-language-kotlin 1.13.11+kotlin.2.3.21
	   |-- org_jetbrains_kotlin_kotlin-reflect 2.3.21
	   |-- org_jetbrains_kotlin_kotlin-stdlib 2.3.21
	   |-- org_jetbrains_kotlin_kotlin-stdlib-jdk7 2.3.21
	   |-- org_jetbrains_kotlin_kotlin-stdlib-jdk8 2.3.21
	   |-- org_jetbrains_kotlinx_atomicfu-jvm 0.32.1
	   |-- org_jetbrains_kotlinx_kotlinx-coroutines-core-jvm 1.10.2
	   |-- org_jetbrains_kotlinx_kotlinx-coroutines-jdk8 1.10.2
	   |-- org_jetbrains_kotlinx_kotlinx-datetime-jvm 0.7.1
	   |-- org_jetbrains_kotlinx_kotlinx-io-bytestring-jvm 0.9.0
	   |-- org_jetbrains_kotlinx_kotlinx-io-core-jvm 0.9.0
	   |-- org_jetbrains_kotlinx_kotlinx-serialization-cbor-jvm 1.11.0
	   |-- org_jetbrains_kotlinx_kotlinx-serialization-core-jvm 1.11.0
	   \-- org_jetbrains_kotlinx_kotlinx-serialization-json-jvm 1.11.0
	- fabricloader 0.18.4
	- fairylights 1.1.4_fabric
	   |-- cardinal-components-base 5.2.3
	   |-- cardinal-components-block 5.2.3
	   |-- cardinal-components-entity 5.2.3
	   \-- cardinal-components-item 5.2.3
	- fallingtrees 0.13.2
	- fancymenu 3.8.1
	   |-- com_github_keksuccino_japng 0.5.3
	   \-- com_github_rtyley_animated-gif-lib-for-java animated-gif-lib-1.7
	- farm_and_charm 1.0.14
	- farmersdelight 1.20.1-2.4.1+refabricated
	   |-- mm 2.3
	   |-- porting_lib_loot 2.3.8+1.20.1
	   \-- porting_lib_recipe_book_categories 2.3.8+1.20.1
	- farmersknives 3.2
	- faster-random 5.1.0
	- faux-custom-entity-data 6.0.1
	- ferritecore 6.0.1
	- fetzisasiandeco 1.7.3
	- forgeconfigapiport 8.0.3
	- friendsandfoes 3.0.9
	   \-- reach-entity-attributes 2.4.0
	- friendsforlife 1.2.0
	- froglightsreimagined 0.3-1.20.1
	- frozenlib 1.9.3-mc1.20.1
	- fzzy_config 0.7.6+1.20.1
	   |-- fabric-permissions-api-v0 0.3.1
	   \-- net_peanuuutz_tomlkt_tomlkt-jvm 0.3.7
	- geckolib 4.8.2
	   \-- com_eliotlash_mclib_mclib 20
	- geophilic 3.5
	- grassseeds 3.4
	- grindenchantments 3.1.4+1.20.1
	   \-- codec-config-api 3.0.1+1.20.1
	- handcrafted 3.0.6
	- harvestableflowers 1.1.0+1.20.1
	- hearth_and_home 1.20.1-2.0.3
	- herbalbrews 1.0.12
	- hexalia 1.3.2-1.20.1+fabric
	   \-- terraform-wood-api-v1 7.0.1
	- iceberg 1.1.25
	- icterine 1.3.0
	- immersive_furniture 0.1.3+1.20.1
	- incendium 5.3.5
	- inventorytotem 3.4
	- invisibleframes 1.1.0
	- ironchests 5.0.2
	- item_obliterator 2.3.0
	- jade 11.13.1+fabric
	- jadeaddons 5.5.1+fabric
	- jamlib 1.3.6+1.20.1
	- java 25
	- jei 15.20.0.130
	- jumpoverfences 1.3.1
	- justenoughbreeding 3.0.0
	- justenoughprofessions 3.0.1
	- justhammers 20.1.5+mc1.20.1
	- justoutdoorstuffs 1.0.2
	- keybind_fix 1.0.0
	- kiwi 11.10.2+fabric
	- konkrete 1.8.1
	- ksyxis 1.4.3
	- kubejs 2001.6.5-build.26
	- labels 1.20-2.0.0
	- lamps 1.20.1-1.7.4
	- lavender 0.1.9+1.20
	   |-- lavender-md 0.1.1+1.20
	   \-- lavender-md-owo-ui 0.1.1+1.20
	- lazydfu 0.1.3
	- letmedespawn 1.5.0
	- letsdoaddon-structures 1.7.2
	- letsdocompat 2.2.4
	- libraryferret 4.0.0
	- lithium 0.11.4
	- lithostitched 1.4.11
	- lmft 1.0.2+1.20
	- logbegone 1.0.8
	- logcleaner 1.0.0
	- lootr 0.7.35.86
	- luphieclutteredmod 2.1.0+1.20.1
	- mavapi 1.1.4
	- mavm 1.2.6
	- mcaccel 1.0.0
	- mcpitanlib 3.6.8-1.20.1-fabric
	- mcwholidays 1.1.2
	- mcwpaintings 1.1.0
	- mcwpaths 1.1.1
	- meadow 1.3.25
	- melody 1.0.3
	- memoryleakfix 1.1.5
	- midnightlib 1.9.3
	- minecraft 1.20.1
	- mixin-conflict-helper 1.2.0
	- mixintrace 1.1.1+1.17
	- mo_glass 1.7-MC1.20.1
	- mob_explosion_griefing 1.1.0_1.20.x
	- modernfix 5.25.2+mc1.20.1
	- modernworldcreation 2.0.1
	- modrinth_logo_mod 1.3.4
	- moonlight 1.20-2.16.32
	- more_enchantment_info 0.2.0
	   \-- settingdust_more_enchantment_info_xplat-fabric 0.2.0
	- mousewheelie 1.15.1+mc1.20.1
	   |-- amecsapi 1.6.3+mc1.20
	   |-- coat 1.1.1+mc1.20
	   |-- tweed5_bundle 0.7.0
	   |    |-- tweed5_attributes_extension 0.7.0
	   |    |-- tweed5_construct 0.7.0
	   |    |-- tweed5_core 0.7.0
	   |    |-- tweed5_default_extensions 0.7.0
	   |    |-- tweed5_logging 0.7.0
	   |    |-- tweed5_patchwork 0.7.0
	   |    |-- tweed5_serde_api 0.7.0
	   |    |-- tweed5_serde_extension 0.7.0
	   |    \-- tweed5_utils 0.7.0
	   |-- tweed5_bundle_pojo_weaving 0.7.0
	   |    |-- tweed5_annotation_inheritance 0.7.0
	   |    |-- tweed5_naming_format 0.7.0
	   |    |-- tweed5_type_utils 0.7.0
	   |    |-- tweed5_weaver_pojo 0.7.0
	   |    |-- tweed5_weaver_pojo_attributes_extension 0.7.0
	   |    |-- tweed5_weaver_pojo_presets_extension 0.7.0
	   |    |-- tweed5_weaver_pojo_serde_extension 0.7.0
	   |    \-- tweed5_weaver_pojo_validation_extension 0.7.0
	   |-- tweed5_coat_bridge 0.7.0+mc1.20.6
	   |-- tweed5_comment_loader_extension 0.7.0
	   |-- tweed5_fabric_helper 0.7.0+mc1.20.6
	   |-- tweed5_serde_gson 0.7.0
	   \-- tweed5_serde_hjson 0.7.0
	- mr_flower_tweaks 1
	- mr_mastercutter 1.1
	- mr_tidal_towns 1.3.4
	- mr_typewriter_daycounter 1.0
	- mythicupgrades 4.2.0+mc1.20.1
	- natures_delight 1.12-1.20.1
	- natures_spirit 2.2.5-1.20.1
	- naturescompass 1.20.1-2.6.0-fabric
	- necronomicon 1.6.0
	- nerb 0.4.1
	- neruina 3.3.1
	   \-- org_kohsuke_github-api 2.0-rc.6
	- nethersdelight 1.20.1-4.1.1
	- niftycarts 20.1.5
	- no-resource-pack-warnings 1.3.1
	- noanimaltemptdelay 1.2
	- nochatreports 1.20.1-v2.2.2
	   |-- fabric-rendering-v1 3.0.6+b3afc78b82
	   \-- fabric-screen-api-v1 2.0.6+b3afc78b82
	- notenoughanimations 1.11.3
	- notenoughcrashes 4.4.9+1.20.1
	- obsidianequipmentrework 0.2
	- oceansdelight fdrf-fabric-1.0.2-1.20
	- octolib 0.5.0.1
	   \-- org_yaml_snakeyaml 2.2
	- ohthetreesyoullgrow 1.6.0
	- omnilib 0.1.4
	- openloader 19.0.5
	- openpartiesandclaims 0.26.2
	- owo 0.11.2+1.20
	- packetfixer 3.3.2
	- pandalib 0.5.2
	- patchouli 1.20.1-85-FABRIC
	   \-- fiber 0.23.0-2
	- peaceful_hunger 2.2.0
	- pehkui 3.8.2+1.14.4-1.20.6
	   \-- kanos_config 0.4.1+1.14.4-1.19.4
	- perfectplushies 1.13.3
	   \-- perfectplushieapi 1.0.7
	- platform 1.3.3
	- pneumonocore 1.2.1
	- polymorph 0.49.10+1.20.1
	   \-- spectrelib 0.13.17+1.20.1
	- polymorphic_tom 1.0.4
	- preferred-gamerules 1.1.1+1.19.4
	- puzzleslib 8.1.33
	   \-- puzzlesaccessapi 20.1.1
	- radiantgear 2.1.6+1.20.1
	- railways 1.7.2+fabric-mc1.20.1
	   |-- mixinextras 0.5.3
	   \-- mm 2.3
	- realisticbees 4.2
	- regions_unexplored 0.5.6+1.20.1
	- repurposed_structures 7.1.23+1.20.1-fabric
	- resourcefulconfig 2.1.3
	- resourcefullib 2.1.29
	   |-- com_teamresourceful_bytecodecs 1.0.2
	   \-- com_teamresourceful_yabn 1.0.3
	- respectmytrims 1.0.0+mc1.20
	- rhino 2001.2.3-build.10
	- ribbits 1.20.1-Fabric-3.0.5
	- rightclickharvest 4.6.1+1.20.1
	- sawmill 1.20-1.4.10
	- screenshottoclipboard 1.0.0-1.18.2~1.20.4-release
	- securecrops 2.0.0
	- serene_shrubbery 1.0.0
	- showmeyourskin 1.9.0+1.20
	- shulkerdropstwo 3.5
	- simple_copper_pipes 2.0.3
	- simplehats 0.4.0a
	- simplerpc 4.1.0+hotfix.1
	- sit 1.20.1-27
	- skinlayers3d 1.11.1
	- sliceanddice 3.5.2-fabric
	- smartbrainlib 1.15
	- smarterfarmers 1.20-2.1.2
	- smwyg 1.1.1
	- sootychimneys 1.3.4
	- sophisticatedbackpacks 1.20.1-3.23.4.5.110
	- sophisticatedcore 1.20.1-1.2.7.15.166
	   \-- team_reborn_energy 3.0.0
	- sophisticatedstorage 1.20.1-1.3.5.11.142
	   \-- noindium 1.1.0+1.20
	- sound_physics_remastered 1.20.1-1.5.1
	- spark 1.10.53
	- sparsestructures 3.0
	- spawn 1.0.3-fabric
	- spelunkery 1.20.1-0.3.16
	- spuds_shops 1.9.0
	- squish 0.3-1.20.1
	- stackdeobfuscator 1.4.3+08e71cc
	   |-- net_fabricmc_mapping-io 0.6.1
	   \-- stackdeobfuscator-common 1.4.3+08e71cc
	- stackrefill 4.9
	- starterkit 8.0
	- storagedrawers 12.14.3
	- structure_layout_optimizer 1.0.10
	- stutterfix mc1.20.1-0.2.0
	- subtle_effects 1.14.3
	   \-- com_moulberry_mixinconstraints 1.1.0
	- supermartijn642corelib 1.1.18+a
	- supplementaries 1.20-3.1.43
	- suppsquared 1.20-1.1.29
	- swingthrough 1.0.6+1.20
	- t_and_t 1.12
	- tameableminisheep 1.0
	- tameablemossbloom 1.0
	- tectonic 3.0.17
	- terrablender 3.0.1.10
	- thiccpackets 1.17-1.19+
	- things 0.3.3+1.20
	- tokimistoolshed 1.3
	- toms_storage 1.7.1
	- too-cheap 1.4.0+mc1.20
	- toolstats 16.0.10
	- tooltipoverhaul 1.4.3
	- trade_cycling 1.20.1-1.0.18
	   |-- fabric-key-binding-api-v1 1.0.36+fb8d95da82
	   \-- fabric-screen-api-v1 2.0.6+b3afc78b82
	- trashcans 1.0.18
	   \-- team_reborn_energy 3.0.0
	- trashslot 15.1.5
	- trinketlantern 1.0.1
	- trinkets 3.7.2
	- twigs 3.1.0
	- txnilib 1.0.24
	- umbrellas 1.4.2
	- universal-graves 3.0.3+1.20.1
	   |-- common-protection-api 1.0.0
	   |-- placeholder-api 2.1.3+1.20.1
	   |-- polymer-core 0.5.19+1.20.1
	   |    |-- polymer-networking 0.5.19+1.20.1
	   |    |    \-- polymer-common 0.5.19+1.20.1
	   |    |         \-- packet_tweaker 0.4.0+1.19.4
	   |    \-- polymer-registry-sync-manipulator 0.5.19+1.20.1
	   |-- polymer-resource-pack 0.5.19+1.20.1
	   |    \-- polymer-common 0.5.19+1.20.1
	   |         \-- packet_tweaker 0.4.0+1.19.4
	   |-- polymer-virtual-entity 0.5.19+1.20.1
	   |    \-- polymer-common 0.5.19+1.20.1
	   |         \-- packet_tweaker 0.4.0+1.19.4
	   |-- predicate-api 0.2.1+1.20.1
	   |-- server_translations_api 2.0.0+1.20
	   |    \-- packet_tweaker 0.4.0+1.19.4
	   \-- sgui 1.2.2+1.20
	- universalbonemeal 8.0.1
	- vanillabackport 1.1.7.4
	- vc_gliders 1.2.0
	   |-- palladiumcore 1.20-2.0.0.0
	   \-- player-animator 1.0.2-rc1+1.20
	- veinmining 1.5.0+1.20.1
	- via_romana 2.2.2+1.20.1-fabric
	- villagersplus 3.1
	- villagesandpillages 1.0.2
	- vinery 1.4.41
	- voicechat 1.20.1-2.6.17
	   |-- fabric-key-binding-api-v1 1.0.36+fb8d95da82
	   \-- voicechat_api 2.6.13
	- watut 1.20.1-1.2.3
	- welcomescreen 1.0.0
	- wildernature 1.0.6
	- wirelessredstone 1.20.1-1.1.2
	- xaerominimap 25.3.12
	   \-- xaerolib 1.1.15
	- xaeroworldmap 1.40.16
	   \-- xaerolib 1.1.15
	- yet_another_config_lib_v3 3.6.6+1.20.1-fabric
	   |-- com_twelvemonkeys_common_common-image 3.12.0
	   |-- com_twelvemonkeys_common_common-io 3.12.0
	   |-- com_twelvemonkeys_common_common-lang 3.12.0
	   |-- com_twelvemonkeys_imageio_imageio-core 3.12.0
	   |-- com_twelvemonkeys_imageio_imageio-metadata 3.12.0
	   |-- com_twelvemonkeys_imageio_imageio-webp 3.12.0
	   |-- org_quiltmc_parsers_gson 0.2.1
	   \-- org_quiltmc_parsers_json 0.2.1
	- yosbr 0.1.2
	- ysns 2.0.2
	- yungsapi 1.20-Fabric-4.0.6
	   \-- org_javassist_javassist 3.29.2-GA
	- yungsbridges 1.20-Fabric-4.0.3
	- yungsextras 1.20-Fabric-4.0.3
[21:02:21] [main/INFO]: Applying default options... (YOSBR)
[21:02:22] [main/INFO]: SpongePowered MIXIN Subsystem Version=0.8.7 Source=file:/workspaces/NEXUS/libraries/net/fabricmc/sponge-mixin/0.17.0+mixin.0.8.7/sponge-mixin-0.17.0+mixin.0.8.7.jar Service=Knot/Fabric Env=SERVER
[21:02:22] [main/INFO]: Compatibility level set to JAVA_17
[21:02:22] [main/WARN]: Reference map 'aaa_particles-fabric-refmap.json' for aaa_particles.mixins.json could not be read. If this is a development environment you can ignore this message
[21:02:22] [main/WARN]: Reference map 'accelerated-decay-fabric-fabric-refmap.json' for accelerateddecay.mixins.json could not be read. If this is a development environment you can ignore this message
[21:02:22] [main/WARN]: Reference map 'accelerated-decay-common-refmap.json' for accelerateddecay-common.mixins.json could not be read. If this is a development environment you can ignore this message
[21:02:22] [main/WARN]: Reference map 'betterconfig-refmap.json' for betterconfig.mixins.json could not be read. If this is a development environment you can ignore this message
[21:02:22] [main/INFO]: Initializing com.ishland.c2me.base.mixin
[21:02:22] [main/INFO]: Initializing com.ishland.c2me.fixes.chunkio.threading_issues.mixin
[21:02:22] [main/INFO]: Initializing com.ishland.c2me.fixes.general.threading_issues.mixin
[21:02:22] [main/INFO]: Initializing com.ishland.c2me.fixes.worldgen.threading_issues.mixin
[21:02:22] [main/INFO]: Initializing com.ishland.c2me.fixes.worldgen.vanilla_bugs.mixin
[21:02:22] [main/INFO]: Initializing com.ishland.c2me.notickvd.mixin
[21:02:22] [main/INFO]: Initializing com.ishland.c2me.opts.allocs.mixin
[21:02:22] [main/INFO]: Initializing com.ishland.c2me.opts.chunk_access.mixin
[21:02:22] [main/INFO]: Initializing com.ishland.c2me.opts.chunkio.mixin
[21:02:22] [main/INFO]: Initializing com.ishland.c2me.opts.math.mixin
[21:02:22] [main/INFO]: Initializing com.ishland.c2me.opts.scheduling.mixin
[21:02:22] [main/INFO]: Initializing com.ishland.c2me.opts.worldgen.general.mixin
[21:02:22] [main/INFO]: Initializing com.ishland.c2me.opts.worldgen.vanilla.mixin
[21:02:22] [main/INFO]: Initializing com.ishland.c2me.rewrites.chunk_serializer.mixin
[21:02:22] [main/INFO]: Disabling config ioSystem.gcFreeChunkSerializer: Incompatible with architectury@9.2.14 (*) (defined in c2me)
[21:02:22] [main/INFO]: Disabling com.ishland.c2me.rewrites.chunk_serializer.mixin
[21:02:22] [main/INFO]: Initializing com.ishland.c2me.rewrites.chunkio.mixin
[21:02:22] [main/INFO]: Disabling com.ishland.c2me.rewrites.chunkio.mixin
[21:02:22] [main/INFO]: Initializing com.ishland.c2me.server.utils.mixin
[21:02:22] [main/INFO]: Initializing com.ishland.c2me.threading.chunkio.mixin
[21:02:22] [main/INFO]: Initializing com.ishland.c2me.threading.lighting.mixin
[21:02:22] [main/INFO]: Initializing com.ishland.c2me.threading.worldgen.mixin
[21:02:22] [main/WARN]: Reference map 'carrasconlib-common-common-refmap.json' for carrasconlib.mixins.json could not be read. If this is a development environment you can ignore this message
[21:02:22] [main/WARN]: Reference map 'coroutil.refmap.json' for coroutil_fabric.mixins.json could not be read. If this is a development environment you can ignore this message
[21:02:22] [main/INFO]: Preloading Debugify
[21:02:22] [main/WARN]: Reference map 'harvestableflowers-refmap.json' for harvestableflowers.mixins.json could not be read. If this is a development environment you can ignore this message
[21:02:22] [main/INFO]: File exists, reading config for elocindev.item_obliterator.fabric_quilt.config.ConfigEntries.
[21:02:22] [main/INFO]: Config for elocindev.item_obliterator.fabric_quilt.config.ConfigEntries read successfully.
[21:02:22] [main/WARN]: Reference map 'justhammers-common-refmap.json' for justhammers-common.mixins.json could not be read. If this is a development environment you can ignore this message
[21:02:22] [main/INFO]: Loaded configuration file for Lithium: 131 options available, 4 override(s) found
[21:02:23] [main/WARN]: Reference map 'lmft-fabric-refmap.json' for lmft.mixins.json could not be read. If this is a development environment you can ignore this message
[21:02:23] [main/WARN]: Reference map 'memoryleakfix-fabric-1.17+-fabric-refmap.json' for memoryleakfix-fabric.mixins.json could not be read. If this is a development environment you can ignore this message
[21:02:23] [main/INFO]: Loaded configuration file for ModernFix 5.25.2+mc1.20.1: 71 options available, 4 override(s) found
[21:02:23] [main/WARN]: Option 'mixin.bugfix.paper_chunk_patches' overriden (by mods [c2me]) to 'false'
[21:02:23] [main/WARN]: Option 'mixin.perf.dynamic_resources' overriden (by user configuration) to 'true'
[21:02:23] [main/WARN]: Option 'mixin.perf.cache_strongholds' overriden (by mods [c2me]) to 'false'
[21:02:23] [main/WARN]: Option 'mixin.bugfix.chunk_deadlock' overriden (by mods [c2me]) to 'false'
[21:02:23] [main/INFO]: Applying Nashorn fix
[21:02:23] [main/WARN]: Reference map 'oceansdelight-refmap.json' for oceansdelight.mixins.json could not be read. If this is a development environment you can ignore this message
[21:02:23] [main/WARN]: Reference map 'OctoLib-COMMON-common-refmap.json' for octolib-common.mixins.json could not be read. If this is a development environment you can ignore this message
[21:02:23] [main/INFO]: Packet Fixer fabric 1.19.3-1.20.1 has been applied successfully.
[21:02:23] [main/WARN]: Reference map 'pandalib-common-common-refmap.json' for pandalib-common.mixins.json could not be read. If this is a development environment you can ignore this message
[21:02:23] [main/WARN]: Reference map 'puzzlesaccessapi.common.refmap.json' for puzzlesaccessapi.common.mixins.json could not be read. If this is a development environment you can ignore this message
[21:02:23] [main/WARN]: Reference map 'puzzlesaccessapi.fabric.refmap.json' for puzzlesaccessapi.fabric.mixins.json could not be read. If this is a development environment you can ignore this message
[21:02:23] [main/WARN]: Reference map 'repurposed_structures.refmap.json' for repurposed_structures-fabric.mixins.json could not be read. If this is a development environment you can ignore this message
[21:02:23] [main/WARN]: Reference map 'repurposed_structures.refmap.json' for repurposed_structures-common.mixins.json could not be read. If this is a development environment you can ignore this message
[21:02:23] [main/WARN]: Reference map 'starterkit_fabric.refmap.json' for starterkit_fabric.mixins.json could not be read. If this is a development environment you can ignore this message
[21:02:23] [main/WARN]: Reference map 'structure_layout_optimizer.refmap.json' for structure_layout_optimizer.mixins.json could not be read. If this is a development environment you can ignore this message
[21:02:23] [main/WARN]: Reference map 'trashcans.mixins.refmap.json' for trashcans.mixins.json could not be read. If this is a development environment you can ignore this message
[21:02:23] [main/WARN]: Reference map 'wildernature.fabric.mixins.refmap.json' for wildernature.fabric.mixins.json could not be read. If this is a development environment you can ignore this message
[21:02:23] [main/WARN]: Reference map 'yungsextras.refmap.json' for yungsextras.mixins.json could not be read. If this is a development environment you can ignore this message
[21:02:23] [main/WARN]: Reference map 'yungsextras.refmap.json' for yungsextras_fabric.mixins.json could not be read. If this is a development environment you can ignore this message
[21:02:23] [main/WARN]: Error loading class: net/minecraft/class_881 (java.lang.ClassNotFoundException: net/minecraft/class_881)
[21:02:23] [main/WARN]: @Mixin target net.minecraft.class_881 was not found porting_lib_base.mixins.json:client.BoatRendererMixin from mod porting_lib_base
[21:02:23] [main/WARN]: Error loading class: net/minecraft/class_525 (java.lang.ClassNotFoundException: net/minecraft/class_525)
[21:02:23] [main/WARN]: @Mixin target net.minecraft.class_525 was not found porting_lib_base.mixins.json:client.CreateWorldScreenMixin from mod porting_lib_base
[21:02:23] [main/WARN]: Error loading class: net/minecraft/class_906 (java.lang.ClassNotFoundException: net/minecraft/class_906)
[21:02:23] [main/WARN]: @Mixin target net.minecraft.class_906 was not found porting_lib_tool_actions.mixins.json:FishingHookRendererMixin from mod porting_lib_tool_actions
[21:02:23] [main/WARN]: Error loading class: net/minecraft/class_761 (java.lang.ClassNotFoundException: net/minecraft/class_761)
[21:02:23] [main/WARN]: @Mixin target net.minecraft.class_761 was not found accessories-common.mixins.json:LevelRendererAccessor from mod accessories
[21:02:23] [main/WARN]: @Mixin target net.minecraft.class_761 was not found coolrain.mixins.json:RainMixin from mod coolrain
[21:02:23] [main/WARN]: Error loading class: link/infra/indium/renderer/helper/GeometryHelper (java.lang.ClassNotFoundException: link/infra/indium/renderer/helper/GeometryHelper)
[21:02:23] [main/WARN]: Error loading class: net/fabricmc/fabric/impl/client/indigo/renderer/helper/GeometryHelper (java.lang.ClassNotFoundException: net/fabricmc/fabric/impl/client/indigo/renderer/helper/GeometryHelper)
[21:02:23] [main/WARN]: Error loading class: me/jellysquid/mods/lithium/common/ai/pathing/PathNodeDefaults (java.lang.ClassNotFoundException: me/jellysquid/mods/lithium/common/ai/pathing/PathNodeDefaults)
[21:02:23] [main/INFO]: Loading Faster Random.
[21:02:24] [main/WARN]: Force-disabling mixin 'ai.task.memory_change_counting.BrainMixin' as rule 'mixin.ai.task.memory_change_counting' (added by mods [smartbrainlib]) disables it and children
[21:02:24] [main/WARN]: Force-disabling mixin 'ai.task.memory_change_counting.MultiTickTaskMixin' as rule 'mixin.ai.task.memory_change_counting' (added by mods [smartbrainlib]) disables it and children
[21:02:24] [main/WARN]: Force-disabling mixin 'alloc.blockstate.StateMixin' as rule 'mixin.alloc.blockstate' (added by mods [ferritecore]) disables it and children
[21:02:24] [main/WARN]: Force-disabling mixin 'block.moving_block_shapes.PistonBlockEntityMixin' as rule 'mixin.block.moving_block_shapes' (added by mods [supplementaries]) disables it and children
[21:02:24] [main/WARN]: Force-disabling mixin 'block.moving_block_shapes.VoxelShapeMixin' as rule 'mixin.block.moving_block_shapes' (added by mods [supplementaries]) disables it and children
[21:02:24] [main/WARN]: Force-disabling mixin 'world.player_chunk_tick.ThreadedAnvilChunkStorageMixin' as rule 'mixin.world.player_chunk_tick' (added by mods [c2me]) disables it and children
[21:02:24] [main/WARN]: Error loading class: net/minecraft/class_996 (java.lang.ClassNotFoundException: net/minecraft/class_996)
[21:02:24] [main/WARN]: @Mixin target net.minecraft.class_996 was not found mcaccel.mixins.json:entity.SnowmanPumpkinFeatureRendererMixin from mod mcaccel
[21:02:24] [main/WARN]: @Mixin target net.minecraft.class_525 was not found moonlight.mixins.json:CreateWorldScreenMixin from mod moonlight
[21:02:24] [main/WARN]: Error loading class: net/coderbot/iris/Iris (java.lang.ClassNotFoundException: net/coderbot/iris/Iris)
[21:02:24] [main/WARN]: @Mixin target net.coderbot.iris.Iris was not found notenoughcrashes.fabric.mixins.json:iris.SilentNEC from mod notenoughcrashes
[21:02:24] [main/WARN]: Error loading class: fr/catcore/server/translations/api/resource/language/SystemDelegatedLanguage (java.lang.ClassNotFoundException: fr/catcore/server/translations/api/resource/language/SystemDelegatedLanguage)
[21:02:24] [main/WARN]: @Mixin target net.minecraft.class_525 was not found platform.mixins.json:CreateWorldScreenMixin from mod platform
[21:02:24] [main/WARN]: Error loading class: net/minecraft/class_481 (java.lang.ClassNotFoundException: net/minecraft/class_481)
[21:02:24] [main/WARN]: @Mixin target net.minecraft.class_481 was not found squish.mixins.json:CreativeInventoryScreenAccessor from mod squish
[21:02:24] [main/WARN]: Error loading class: net/minecraft/class_310 (java.lang.ClassNotFoundException: net/minecraft/class_310)
[21:02:24] [main/WARN]: @Mixin target net.minecraft.class_310 was not found stutterfix.mixins.json:client.MinecraftClientMixin from mod stutterfix
[21:02:24] [main/WARN]: @Mixin target net.minecraft.class_310 was not found stutterfix.mixins.json:client.RemoveYieldMixin from mod stutterfix
[21:02:24] [main/WARN]: Error loading class: net/minecraft/class_429 (java.lang.ClassNotFoundException: net/minecraft/class_429)
[21:02:24] [main/WARN]: @Mixin target net.minecraft.class_429 was not found stutterfix.mixins.json:gui.OptionsScreenMixin from mod stutterfix
[21:02:24] [main/WARN]: Error loading class: me/jellysquid/mods/sodium/client/render/chunk/compile/pipeline/FluidRenderer (java.lang.ClassNotFoundException: me/jellysquid/mods/sodium/client/render/chunk/compile/pipeline/FluidRenderer)
[21:02:24] [main/WARN]: Error loading class: net/minecraft/class_776 (java.lang.ClassNotFoundException: net/minecraft/class_776)
[21:02:24] [main/WARN]: @Mixin target net.minecraft.class_776 was not found vanillabackport.mixins.json:access.BlockRenderDispatcherAccessor from mod vanillabackport
[21:02:24] [main/WARN]: Error loading class: jeresources/api/util/BiomeHelper (java.lang.ClassNotFoundException: jeresources/api/util/BiomeHelper)
[21:02:24] [main/WARN]: Error loading class: yalter/mousetweaks/Main (java.lang.ClassNotFoundException: yalter/mousetweaks/Main)
[21:02:24] [main/WARN]: Error loading class: dev/ftb/mods/ftbchunks/client/gui/LargeMapScreen (java.lang.ClassNotFoundException: dev/ftb/mods/ftbchunks/client/gui/LargeMapScreen)
[21:02:24] [main/WARN]: @Mixin target dev.ftb.mods.ftbchunks.client.gui.LargeMapScreen was not found create.mixins.json:compat.ftbchunks.LargeMapScreenAccessor from mod create
[21:02:24] [main/WARN]: Error loading class: dev/ftb/mods/ftbchunks/client/gui/RegionMapPanel (java.lang.ClassNotFoundException: dev/ftb/mods/ftbchunks/client/gui/RegionMapPanel)
[21:02:24] [main/WARN]: @Mixin target dev.ftb.mods.ftbchunks.client.gui.RegionMapPanel was not found create.mixins.json:compat.ftbchunks.RegionMapPanelAccessor from mod create
[21:02:24] [main/INFO]: [MemoryLeakFix] Will be applying 1 memory leak fixes!
[21:02:24] [main/INFO]: [MemoryLeakFix] Currently enabled memory leak fixes: [biomeTemperatureLeak]
[21:02:24] [main/ERROR]: blahaj.mixins.json:AnvilScreenHandlerMixin from mod blahaj: Super class 'hibi.blahaj.mixin.ForgingScreenHandlerMixin' of AnvilScreenHandlerMixin was not found in the hierarchy of target class 'net/minecraft/class_1706'
org.spongepowered.asm.mixin.transformer.throwables.InvalidMixinException: Super class 'hibi.blahaj.mixin.ForgingScreenHandlerMixin' of AnvilScreenHandlerMixin was not found in the hierarchy of target class 'net/minecraft/class_1706'
	at org.spongepowered.asm.mixin.transformer.MixinInfo$SubType$Standard.validate(MixinInfo.java:595) ~[sponge-mixin-0.17.0+mixin.0.8.7.jar:0.17.0+mixin.0.8.7]
	at org.spongepowered.asm.mixin.transformer.MixinInfo$State.validate(MixinInfo.java:327) ~[sponge-mixin-0.17.0+mixin.0.8.7.jar:0.17.0+mixin.0.8.7]
	at org.spongepowered.asm.mixin.transformer.MixinInfo.validate(MixinInfo.java:915) ~[sponge-mixin-0.17.0+mixin.0.8.7.jar:0.17.0+mixin.0.8.7]
	at org.spongepowered.asm.mixin.transformer.MixinConfig.postInitialise(MixinConfig.java:884) ~[sponge-mixin-0.17.0+mixin.0.8.7.jar:0.17.0+mixin.0.8.7]
	at org.spongepowered.asm.mixin.transformer.MixinProcessor.prepareConfigs(MixinProcessor.java:616) ~[sponge-mixin-0.17.0+mixin.0.8.7.jar:0.17.0+mixin.0.8.7]
	at org.spongepowered.asm.mixin.transformer.MixinProcessor.select(MixinProcessor.java:510) ~[sponge-mixin-0.17.0+mixin.0.8.7.jar:0.17.0+mixin.0.8.7]
	at org.spongepowered.asm.mixin.transformer.MixinProcessor.checkSelect(MixinProcessor.java:486) ~[sponge-mixin-0.17.0+mixin.0.8.7.jar:0.17.0+mixin.0.8.7]
	at org.spongepowered.asm.mixin.transformer.MixinProcessor.lockAndSelect(MixinProcessor.java:438) ~[sponge-mixin-0.17.0+mixin.0.8.7.jar:0.17.0+mixin.0.8.7]
	at org.spongepowered.asm.mixin.transformer.MixinProcessor.couldTransformClass(MixinProcessor.java:398) ~[sponge-mixin-0.17.0+mixin.0.8.7.jar:0.17.0+mixin.0.8.7]
	at org.spongepowered.asm.mixin.transformer.MixinTransformer.couldTransformClass(MixinTransformer.java:265) ~[sponge-mixin-0.17.0+mixin.0.8.7.jar:0.17.0+mixin.0.8.7]
	at org.spongepowered.asm.mixin.transformer.MixinTransformer.transformClass(MixinTransformer.java:233) ~[sponge-mixin-0.17.0+mixin.0.8.7.jar:0.17.0+mixin.0.8.7]
	at org.spongepowered.asm.mixin.transformer.MixinTransformer.transformClassBytes(MixinTransformer.java:202) ~[sponge-mixin-0.17.0+mixin.0.8.7.jar:0.17.0+mixin.0.8.7]
	at net.fabricmc.loader.impl.launch.knot.KnotClassDelegate.getPostMixinClassByteArray(KnotClassDelegate.java:435) ~[fabric-loader-0.18.4.jar:?]
	at net.fabricmc.loader.impl.launch.knot.KnotClassDelegate.tryLoadClass(KnotClassDelegate.java:336) ~[fabric-loader-0.18.4.jar:?]
	at net.fabricmc.loader.impl.launch.knot.KnotClassDelegate.loadClass(KnotClassDelegate.java:231) ~[fabric-loader-0.18.4.jar:?]
	at net.fabricmc.loader.impl.launch.knot.KnotClassLoader.loadClass(KnotClassLoader.java:119) ~[fabric-loader-0.18.4.jar:?]
	at java.lang.ClassLoader.loadClass(ClassLoader.java:490) ~[?:?]
	at java.lang.Class.forName0(Native Method) ~[?:?]
	at java.lang.Class.forName(Class.java:547) ~[?:?]
	at net.fabricmc.loader.impl.util.DefaultLanguageAdapter.create(DefaultLanguageAdapter.java:50) ~[fabric-loader-0.18.4.jar:?]
	at net.fabricmc.loader.impl.entrypoint.EntrypointStorage$NewEntry.getOrCreate(EntrypointStorage.java:124) ~[fabric-loader-0.18.4.jar:?]
	at net.fabricmc.loader.impl.entrypoint.EntrypointContainerImpl.getEntrypoint(EntrypointContainerImpl.java:53) ~[fabric-loader-0.18.4.jar:?]
	at net.fabricmc.loader.impl.FabricLoaderImpl.invokeEntrypoints(FabricLoaderImpl.java:405) ~[fabric-loader-0.18.4.jar:?]
	at net.fabricmc.loader.impl.launch.knot.Knot.init(Knot.java:156) ~[fabric-loader-0.18.4.jar:?]
	at net.fabricmc.loader.impl.launch.knot.Knot.launch(Knot.java:66) ~[fabric-loader-0.18.4.jar:?]
	at net.fabricmc.loader.impl.launch.knot.KnotServer.main(KnotServer.java:23) ~[fabric-loader-0.18.4.jar:?]
	at net.fabricmc.loader.impl.launch.server.FabricServerLauncher.main(FabricServerLauncher.java:69) ~[fabric-loader-0.18.4.jar:?]
[21:02:25] [main/INFO]: Initializing MixinExtras via com.llamalad7.mixinextras.service.MixinExtrasServiceImpl(version=0.5.3).
[21:02:25] [main/WARN]: @ModifyVariable(@At("INVOKE")) Shift.BY=2 on accessories-fabric.mixins.json:LivingEntityMixin from mod accessories::localvar$zfc000$accessories$adjustLooting exceeds the maximum allowed value: 0. Increase the value of maxShiftBy to suppress this warning.
[21:02:26] [main/INFO]: Mixing server.MixinDedicatedServer from mixins/common/nochatreports.mixins.json into net.minecraft.class_3176
[21:02:27] [main/INFO]: Mixing common.MixinFriendlyByteBuf from mixins/common/nochatreports.mixins.json into net.minecraft.class_2540
[21:02:27] [main/INFO]: Renaming synthetic method lambda$onWriteJsonWithCodec$1(Ljava/lang/Object;Ljava/lang/String;)Lio/netty/handler/codec/EncoderException; to md73228a$nochatreports$lambda$onWriteJsonWithCodec$1$0 in mixins/common/nochatreports.mixins.json:common.MixinFriendlyByteBuf from mod nochatreports
[21:02:27] [main/INFO]: Renaming synthetic method lambda$onReadJsonWithCodec$0(Ljava/lang/String;)Lio/netty/handler/codec/DecoderException; to md73228a$nochatreports$lambda$onReadJsonWithCodec$0$1 in mixins/common/nochatreports.mixins.json:common.MixinFriendlyByteBuf from mod nochatreports
[21:02:27] [main/WARN]: @ModifyConstant conflict. Skipping xlpackets.mixins.json:PacketByteBufMixin from mod thiccpackets->@ModifyConstant::xlPackets(J)J with priority 1000, already redirected by packetfixer.v1_19_3.fabric.mixins.json:v1_19_3_fabric.FriendlyByteBufMixin from mod packetfixer->@ModifyConstant::packetfixer$readNbt$newSize(J)J with priority 1000
[21:02:28] [main/INFO]: Injecting BlockStateBase cache population hook into getNeighborPathNodeType from me.jellysquid.mods.lithium.mixin.ai.pathing.AbstractBlockStateMixin
[21:02:28] [main/INFO]: Injecting BlockStateBase cache population hook into getPathNodeType from me.jellysquid.mods.lithium.mixin.ai.pathing.AbstractBlockStateMixin
[21:02:28] [main/INFO]: Injecting BlockStateBase cache population hook into getAllFlags from me.jellysquid.mods.lithium.mixin.util.block_tracking.AbstractBlockStateMixin
[21:02:28] [main/WARN]: Method overwrite conflict for getCustomData in via_romana.mixins.json:BlockEntityMixin from mod via_romana, previously written by io.github.fabricators_of_create.porting_lib.mixin.common.BlockEntityMixin. Skipping method.
[21:02:29] [main/INFO]: Instancing error handler class dev.isxander.debugify.mixinplugin.DebugifyErrorHandler
[21:02:29] [main/INFO]: Instancing error handler class com.illusivesoulworks.polymorph.mixin.IntegratedMixinPlugin
[21:02:29] [main/INFO]: Instancing error handler class dev.isxander.mixinconflicthelper.ConflictErrorHandler
[21:02:29] [main/WARN]: Mixin apply for mod necronomicon failed necronomicon-common.mixins.json:item.AnimatedItemNameMixin from mod necronomicon -> net.minecraft.class_1799: org.spongepowered.asm.mixin.injection.throwables.InvalidInjectionException Critical injection failure: @Inject annotation on getName could not find any targets matching 'getHoverName' in net/minecraft/class_1799. No refMap loaded. [handler$ehc002$necronomicon$getName(Lorg/spongepowered/asm/mixin/injection/callback/CallbackInfoReturnable;)V -> Parse ->  -> Validate Targets]
org.spongepowered.asm.mixin.injection.throwables.InvalidInjectionException: Critical injection failure: @Inject annotation on getName could not find any targets matching 'getHoverName' in net/minecraft/class_1799. No refMap loaded. [handler$ehc002$necronomicon$getName(Lorg/spongepowered/asm/mixin/injection/callback/CallbackInfoReturnable;)V -> Parse ->  -> Validate Targets]
	at org.spongepowered.asm.mixin.injection.selectors.TargetSelectors.validate(TargetSelectors.java:346) ~[sponge-mixin-0.17.0+mixin.0.8.7.jar:0.17.0+mixin.0.8.7]
	at org.spongepowered.asm.mixin.injection.struct.InjectionInfo.readAnnotation(InjectionInfo.java:369) ~[sponge-mixin-0.17.0+mixin.0.8.7.jar:0.17.0+mixin.0.8.7]
	at org.spongepowered.asm.mixin.injection.struct.InjectionInfo.<init>(InjectionInfo.java:340) ~[sponge-mixin-0.17.0+mixin.0.8.7.jar:0.17.0+mixin.0.8.7]
	at org.spongepowered.asm.mixin.injection.struct.InjectionInfo.<init>(InjectionInfo.java:331) ~[sponge-mixin-0.17.0+mixin.0.8.7.jar:0.17.0+mixin.0.8.7]
	at org.spongepowered.asm.mixin.injection.struct.CallbackInjectionInfo.<init>(CallbackInjectionInfo.java:48) ~[sponge-mixin-0.17.0+mixin.0.8.7.jar:0.17.0+mixin.0.8.7]
	at jdk.internal.reflect.DirectConstructorHandleAccessor.newInstance(DirectConstructorHandleAccessor.java:62) ~[?:?]
	at java.lang.reflect.Constructor.newInstanceWithCaller(Constructor.java:499) ~[?:?]
	at java.lang.reflect.Constructor.newInstance(Constructor.java:483) ~[?:?]
	at org.spongepowered.asm.mixin.injection.struct.InjectionInfo$InjectorEntry.create(InjectionInfo.java:196) ~[sponge-mixin-0.17.0+mixin.0.8.7.jar:0.17.0+mixin.0.8.7]
	at org.spongepowered.asm.mixin.injection.struct.InjectionInfo.parse(InjectionInfo.java:664) ~[sponge-mixin-0.17.0+mixin.0.8.7.jar:0.17.0+mixin.0.8.7]
	at org.spongepowered.asm.mixin.transformer.MixinTargetContext.prepareInjections(MixinTargetContext.java:1396) ~[sponge-mixin-0.17.0+mixin.0.8.7.jar:0.17.0+mixin.0.8.7]
	at org.spongepowered.asm.mixin.transformer.MixinApplicatorStandard.prepareInjections(MixinApplicatorStandard.java:731) ~[sponge-mixin-0.17.0+mixin.0.8.7.jar:0.17.0+mixin.0.8.7]
	at org.spongepowered.asm.mixin.transformer.MixinApplicatorStandard.applyMixin(MixinApplicatorStandard.java:315) ~[sponge-mixin-0.17.0+mixin.0.8.7.jar:0.17.0+mixin.0.8.7]
	at org.spongepowered.asm.mixin.transformer.MixinApplicatorStandard.apply(MixinApplicatorStandard.java:246) ~[sponge-mixin-0.17.0+mixin.0.8.7.jar:0.17.0+mixin.0.8.7]
	at org.spongepowered.asm.mixin.transformer.TargetClassContext.apply(TargetClassContext.java:437) ~[sponge-mixin-0.17.0+mixin.0.8.7.jar:0.17.0+mixin.0.8.7]
	at org.spongepowered.asm.mixin.transformer.TargetClassContext.applyMixins(TargetClassContext.java:418) ~[sponge-mixin-0.17.0+mixin.0.8.7.jar:0.17.0+mixin.0.8.7]
	at org.spongepowered.asm.mixin.transformer.MixinProcessor.applyMixins(MixinProcessor.java:352) ~[sponge-mixin-0.17.0+mixin.0.8.7.jar:0.17.0+mixin.0.8.7]
	at org.spongepowered.asm.mixin.transformer.MixinTransformer.transformClass(MixinTransformer.java:237) ~[sponge-mixin-0.17.0+mixin.0.8.7.jar:0.17.0+mixin.0.8.7]
	at org.spongepowered.asm.mixin.transformer.MixinTransformer.transformClassBytes(MixinTransformer.java:202) ~[sponge-mixin-0.17.0+mixin.0.8.7.jar:0.17.0+mixin.0.8.7]
	at net.fabricmc.loader.impl.launch.knot.KnotClassDelegate.getPostMixinClassByteArray(KnotClassDelegate.java:435) ~[fabric-loader-0.18.4.jar:?]
	at net.fabricmc.loader.impl.launch.knot.KnotClassDelegate.tryLoadClass(KnotClassDelegate.java:336) ~[fabric-loader-0.18.4.jar:?]
	at net.fabricmc.loader.impl.launch.knot.KnotClassDelegate.loadClass(KnotClassDelegate.java:231) ~[fabric-loader-0.18.4.jar:?]
	at net.fabricmc.loader.impl.launch.knot.KnotClassLoader.loadClass(KnotClassLoader.java:119) ~[fabric-loader-0.18.4.jar:?]
	at java.lang.ClassLoader.loadClass(ClassLoader.java:490) ~[?:?]
	at net.minecraft.class_5620.method_32211(class_5620.java:39) ~[server-intermediary.jar:?]
	at net.minecraft.class_156.method_654(class_156.java:436) ~[server-intermediary.jar:?]
	at net.minecraft.class_5620.method_32206(class_5620.java:39) ~[server-intermediary.jar:?]
	at net.minecraft.class_5620.<clinit>(class_5620.java:33) ~[server-intermediary.jar:?]
	at net.minecraft.class_5546.<init>(class_5546.java:17) ~[server-intermediary.jar:?]
	at net.minecraft.class_2246.<clinit>(class_2246.java:477) ~[server-intermediary.jar:?]
	at net.minecraft.class_2358.method_10199(class_2358.java:326) ~[server-intermediary.jar:?]
	at net.minecraft.class_2966.method_12851(class_2966.java:54) ~[server-intermediary.jar:?]
	at net.minecraft.server.Main.main(Main.java:109) ~[server-intermediary.jar:?]
	at net.fabricmc.loader.impl.game.minecraft.MinecraftGameProvider.launch(MinecraftGameProvider.java:514) ~[fabric-loader-0.18.4.jar:?]
	at net.fabricmc.loader.impl.launch.knot.Knot.launch(Knot.java:72) ~[fabric-loader-0.18.4.jar:?]
	at net.fabricmc.loader.impl.launch.knot.KnotServer.main(KnotServer.java:23) ~[fabric-loader-0.18.4.jar:?]
	at net.fabricmc.loader.impl.launch.server.FabricServerLauncher.main(FabricServerLauncher.java:69) ~[fabric-loader-0.18.4.jar:?]
[21:02:29] [main/WARN]: @Inject(@At("INVOKE_ASSIGN")) Shift.BY=1 on palladiumcore-common.mixins.json:LightningBoltMixin from mod palladiumcore::handler$fdb001$palladiumcore$tick exceeds the maximum allowed value: 0. Increase the value of maxShiftBy to suppress this warning.
[21:02:29] [main/WARN]: Method overwrite conflict for scheduleRandomTick in ohthetreesyoullgrow.mixins.json:chunk.MixinChunkAccess from mod ohthetreesyoullgrow, previously written by corgitaco.corgilib.mixin.chunk.MixinChunkAccess. Skipping method.
[21:02:29] [main/WARN]: Method overwrite conflict for getScheduledRandomTicks in ohthetreesyoullgrow.mixins.json:chunk.MixinChunkAccess from mod ohthetreesyoullgrow, previously written by corgitaco.corgilib.mixin.chunk.MixinChunkAccess. Skipping method.
[21:02:30] [main/INFO]: Mixing server.MixinServerGamePacketListenerImpl from mixins/common/nochatreports.mixins.json into net.minecraft.class_3244
[21:02:30] [main/WARN]: @Inject(@At("INVOKE")) Shift.BY=2 on accessories-common.mixins.json:NbtCompoundMixin from mod accessories::handler$zfo000$accessories$adjustCheckForListVariants exceeds the maximum allowed value: 0. Increase the value of maxShiftBy to suppress this warning.
[21:02:31] [main/WARN]: Static binding violation: PRIVATE @Overwrite method method_21740 in modernfix-common.mixins.json:perf.remove_biome_temperature_cache.BiomeMixin from mod modernfix cannot reduce visibiliy of PUBLIC target method, visibility will be upgraded.
[21:02:31] [main/WARN]: Method overwrite conflict for method_21740 in modernfix-common.mixins.json:perf.remove_biome_temperature_cache.BiomeMixin from mod modernfix, previously written by me.jellysquid.mods.lithium.mixin.world.temperature_cache.BiomeMixin. Skipping method.
[21:02:32] [main/INFO]: Vanilla bootstrap took 5543 milliseconds
[21:02:32] [main/ERROR]: Entity eldritch_end:ominous_eye has no attributes
[21:02:32] [main/ERROR]: Entity eldritch_end:aberration has no attributes
[21:02:32] [main/ERROR]: Entity eldritch_end:tentacle has no attributes
[21:02:32] [main/ERROR]: Entity eldritch_end:undead_tentacle has no attributes
[21:02:32] [main/ERROR]: Entity eldritch_end:dendler has no attributes
[21:02:32] [main/ERROR]: Entity eldritch_end:the_faceless has no attributes
[21:02:32] [main/INFO]: fabric loader environment detected
[21:02:33] [main/WARN]: Method overwrite conflict for getPools in porting_lib_tool_actions.mixins.json:BuilderAccessor from mod porting_lib_tool_actions, previously written by com.blackgear.platform.core.mixin.fabric.LootTableBuilderMixin. Skipping method.
[21:02:33] [main/INFO]: [Regions Unexplored] generating and loading config
[21:02:33] [main/INFO]: Config loaded
[21:02:33] [main/INFO]: Mixing server.MixinPlayerList from mixins/common/nochatreports.mixins.json into net.minecraft.class_3324
[21:02:33] [main/INFO]: Registering C2S receiver with id aaa_particles:main/2b101225a0983c178c43c737d76def52
[21:02:33] [main/INFO]: Registering C2S receiver with id aaa_particles:main/878ba3ad853235668eff51eb0a40c900
[21:02:33] [main/INFO]: Registering C2S receiver with id aaa_particles:main/878ba3ad853235668eff51eb0a40c900
[21:02:33] [main/INFO]: Registering C2S receiver with id aaa_particles:main/9b5bc39f00d53db2acf81d859b596583
[21:02:33] [main/INFO]: Registering Listeners!
[21:02:33] [main/INFO]: Initializing platform helper for Advanced Netherite!
[21:02:33] [main/INFO]: Initializing recipes for AlcoCraftPlus
[21:02:34] [main/INFO]: Loaded config amendments-common.json
[21:02:34] [main/INFO]: [Animal Feeding Trough] Load Complete! Enjoy :D
[21:02:34] [main/INFO]: Constructing common components for armorstatues:main
[21:02:34] [main/INFO]: Registered azurelib config for auto-sync function
[21:02:34] [main/INFO]: Reflections took 46 ms to scan 1 urls, producing 1 keys and 3 values
[21:02:34] [main/INFO]: Reflections took 4 ms to scan 1 urls, producing 1 keys and 3 values
[21:02:34] [main/INFO]: Reflections took 1 ms to scan 1 urls, producing 1 keys and 2 values
[21:02:34] [main/INFO]: Reflections took 1 ms to scan 1 urls, producing 1 keys and 2 values
[21:02:34] [main/INFO]: Reflections took 1 ms to scan 1 urls, producing 1 keys and 1 values
[21:02:34] [main/INFO]: Reflections took 1 ms to scan 1 urls, producing 1 keys and 1 values
[21:02:34] [main/INFO]: Reflections took 1 ms to scan 1 urls, producing 1 keys and 2 values
[21:02:34] [main/INFO]: Reflections took 2 ms to scan 1 urls, producing 1 keys and 2 values
[21:02:34] [main/INFO]: Reflections took 2 ms to scan 1 urls, producing 1 keys and 2 values
[21:02:34] [main/INFO]: Reflections took 1 ms to scan 1 urls, producing 1 keys and 2 values
[21:02:34] [main/INFO]: Initializing network...
[21:02:34] [main/INFO]: Initialized network!
[21:02:34] [main/INFO]: Registering Oh The Biomes We've Gone items
[21:02:34] [main/INFO]: Registering Oh The Biomes We've Gone Blocks
[21:02:35] [main/INFO]: Registering Oh The Biomes We've Gone Wood
[21:02:35] [main/INFO]: Bypassed Mojang DFU
[21:02:35] [main/INFO]: Instantiating Mojang DFU
[21:02:35] [main/ERROR]: No data fixer registered for biomeswevegone:sign
[21:02:35] [main/ERROR]: No data fixer registered for biomeswevegone:hanging_sign
[21:02:35] [main/ERROR]: No data fixer registered for biomeswevegone:pumpkin_burrow
[21:02:35] [main/INFO]: Registering Oh The Biomes We've Gone Block Entities
[21:02:35] [main/INFO]: Registering Oh The Biomes We've Gone Entities
[21:02:35] [main/INFO]: Registering Oh The Biomes We've Gone Creative Tabs
[21:02:35] [main/INFO]: Registering Oh The Biomes We've Gone Sounds
[21:02:35] [main/INFO]: Registering Oh The Biomes We've Gone Block Predicate
[21:02:35] [main/INFO]: Registering Oh The Biomes We've Gone State Providers
[21:02:35] [main/INFO]: Registering Oh The Biomes We've Gone Tree Decorators
[21:02:35] [main/INFO]: Registering Oh The Biomes We've Gone Custom Features
[21:02:35] [main/INFO]: Registering Oh The Biomes We've Gone Structure Pieces
[21:02:35] [main/INFO]: Registering Oh The Biomes We've Gone Custom Structure Types
[21:02:35] [main/INFO]: Registering Oh The Biomes We've Gone Configured Features
[21:02:35] [main/INFO]: Creating and Registering Overworld Vegetation Configured Features
[21:02:35] [main/INFO]: Registering Oh The Biomes We've Gone Tree Configured Features
[21:02:35] [main/INFO]: Creating and Registering Vanilla Configured Features
[21:02:35] [main/INFO]: Registering Oh The Biomes You'll Go Overworld Configured Features
[21:02:35] [main/INFO]: Registering Oh The Biomes We've Gone Placed Features
[21:02:35] [main/INFO]: Creating and Registering Overworld Tree Placed Features
[21:02:35] [main/INFO]: Creating and Registering Overworld Vegetation Placed Features
[21:02:35] [main/INFO]: Creating and Registering Vanilla Placed Features
[21:02:35] [main/INFO]: Registering Oh The Biomes We've Gone Custom Surface Rules
[21:02:35] [main/INFO]: Registering Oh The Biomes We've Gone Template Pools
[21:02:35] [main/INFO]: Registering Oh The Biome's We've Gone Village Template Pools
[21:02:35] [main/INFO]: Registering Oh The Biomes We've Gone Poi Types
[21:02:35] [main/INFO]: Registering Oh The Biomes We've Gone Villager Professions
[21:02:35] [main/INFO]: Registering Oh The Biomes We've Gone Custom Structure Processors
[21:02:35] [main/INFO]: Registering Oh The Biomes We've Gone villager types
[21:02:35] [main/INFO]: Registering Oh The Biomes We've Gone Schedules
[21:02:35] [main/INFO]: Registering Oh The Biomes We've Gone Memory Module Types
[21:02:35] [main/INFO]: Registering Oh The Biomes We've Gone Sensor Types
[21:02:35] [main/INFO]: Creating and Registering BWG Biome Modifiers for Vanilla Biomes
[21:02:35] [main/INFO]: Constructing common components for blockrunner:main
[21:02:35] [main/INFO]: Fixing MC-151457. Crafting remainder for minecraft:pufferfish_bucket is now minecraft:bucket.
[21:02:35] [main/INFO]: Fixing MC-151457. Crafting remainder for minecraft:salmon_bucket is now minecraft:bucket.
[21:02:35] [main/INFO]: Fixing MC-151457. Crafting remainder for minecraft:cod_bucket is now minecraft:bucket.
[21:02:35] [main/INFO]: Fixing MC-151457. Crafting remainder for minecraft:tropical_fish_bucket is now minecraft:bucket.
[21:02:35] [main/INFO]: Fixing MC-151457. Crafting remainder for minecraft:axolotl_bucket is now minecraft:bucket.
[21:02:35] [main/INFO]: Fixing MC-151457. Crafting remainder for minecraft:powder_snow_bucket is now minecraft:bucket.
[21:02:35] [main/INFO]: Fixing MC-151457. Crafting remainder for minecraft:tadpole_bucket is now minecraft:bucket.
[21:02:36] [main/INFO]: Registering C2S receiver with id brewery:alcohol_sync_request
[21:02:36] [main/INFO]: Registering C2S receiver with id brewery:drink_alcohol
[21:02:36] [main/INFO]: Registering C2S receiver with id brewery:set_sign_text
[21:02:36] [main/INFO]: Cactus Config is being initialized.
[21:02:36] [main/INFO]: Registering C2S receiver with id candlelight:typewriter_sync
[21:02:36] [main/INFO]: Registering C2S receiver with id candlelight:sign_note
[21:02:36] [main/INFO]: [STDOUT]: All 10 have been set properly
[21:02:36] [main/INFO]: [Clutter] Finished initializing.
[21:02:36] [main/INFO]: Loading Collective version 8.22.
[21:02:37] [main/INFO]: Minecraft is now more configurable!
[21:02:37] [main/INFO]: Initialized entity types.
[21:02:37] [main/INFO]: Enabling mod compat for Create
[21:02:37] [main/INFO]: Enabling mod compat for Open Parties and Claims
[21:02:37] [main/INFO]: Enabling mod compat for Sophisticated Backpacks
[21:02:37] [main/INFO]: ConstructionWand says hello - may the odds be ever in your favor.
[21:02:37] [main/INFO]: Convenient Name Tags is initializing...
[21:02:37] [main/INFO]: Loaded config: golemBuildSpawning=true, golemPressesButtons=true, buttonPressChance=5%, golemTransportStackSize=16, weatheringTickFrom=504000, weatheringTickTo=552000
[21:02:37] [main/INFO]: Initializing Copper-Age-Backport on Fabric
[21:02:37] [main/INFO]: Registering sounds for Copper-Age-Backport
[21:02:37] [main/INFO]: Registering memory module types for Copper-Age-Backport
[21:02:37] [main/INFO]: Registering particles for Copper-Age-Backport
[21:02:37] [main/INFO]: Registering blocks for Copper-Age-Backport
[21:02:37] [main/INFO]: Registering block entities for Copper-Age-Backport
[21:02:37] [main/INFO]: Registering entities for Copper-Age-Backport
[21:02:37] [main/INFO]: Registering items for Copper-Age-Backport
[21:02:37] [main/INFO]: ModCompat: Mod 'fastchest' not loaded, skipping compatibility module
[21:02:37] [main/INFO]: ModCompat: Registered compatibility module for 'sophisticatedstorage'
[21:02:37] [main/INFO]: ModCompat: Mod 'ironchest' not loaded, skipping compatibility module
[21:02:37] [main/INFO]: ModCompat: Initializing 1 compatibility modules...
[21:02:37] [main/WARN]: @ModifyConstant conflict. Skipping xlpackets.mixins.json:ClientboundCustomPayloadPacketMixin from mod thiccpackets->@ModifyConstant::xlPackets(I)I with priority 1000, already redirected by packetfixer.v1_19_3.fabric.mixins.json:v1_19_3_fabric.ClientboundCustomPayloadPacketMixin from mod packetfixer->@ModifyConstant::packetfixer$newSize(I)I with priority 1000
[21:02:37] [main/WARN]: @ModifyConstant conflict. Skipping xlpackets.mixins.json:ClientboundCustomPayloadPacketMixin from mod thiccpackets->@ModifyConstant::xlPackets(I)I with priority 1000, already redirected by packetfixer.v1_19_3.fabric.mixins.json:v1_19_3_fabric.ClientboundCustomPayloadPacketMixin from mod packetfixer->@ModifyConstant::packetfixer$newSize(I)I with priority 1000
[21:02:37] [main/INFO]: ModCompat: Initialized compatibility for 'sophisticatedstorage'
[21:02:37] [main/INFO]: ModCompat: Initialization complete. 1 chest handlers, 1 container handlers registered.
[21:02:37] [main/INFO]: Copper-Age-Backport initialized successfully!
[21:02:37] [main/INFO]: Fired 1 registration callbacks
[21:02:37] [main/INFO]: Cozy Studios Core initialized!
[21:02:38] [Thread-4/WARN]: [Update] Collective has an update available: 8.22 -> 8.39
[21:02:41] [main/INFO]: Reflections took 3070 ms to scan 555 urls, producing 15733 keys and 103440 values
[21:02:43] [main/INFO]: Registering Item Groups for cratedelight
[21:02:43] [main/INFO]: Registering mod blocks for cratedelight
[21:02:43] [main/INFO]: Discovering Plugins
[21:02:43] [main/INFO]: Discovered 1 plugins
[21:02:43] [main/INFO]: Loading Server Plugins
[21:02:43] [main/INFO]: Loaded Server Plugins
[21:02:43] [main/INFO]: Create 6.0.8.1 initializing!
[21:02:44] [main/INFO]: Create Contraption Terminals starting
[21:02:45] [main/INFO]: Registering items for Create Deco
[21:02:45] [main/INFO]: Registering blocks for Create Deco
[21:02:45] [main/INFO]: Populating connected texture maps...
[21:02:45] [main/INFO]: Create Deco is accessing Porting Lib on a Fabric server!
[21:02:45] [main/INFO]: general
[21:02:45] [main/INFO]: individual
[21:02:45] [main/INFO]: Saving config because the loaded bug fixes are different to stored json.
[21:02:45] [main/INFO]: Saving Debugify
[21:02:45] [main/INFO]: Enabled 2 bug fixes: [MC-89146, MC-199467]
[21:02:45] [main/INFO]: Successfully Debugify'd your game!
[21:02:45] [main/ERROR]: No data fixer registered for crystallized_amber
[21:02:45] [main/ERROR]: No data fixer registered for sculk_jaw
[21:02:45] [main/INFO]: Constructing common components for diagonalblocks:main
[21:02:45] [main/INFO]: Constructing common components for diagonalwalls:main
[21:02:45] [main/INFO]: Constructing shapes for DiagonalWallBlock[NodeWidth=0.0,ExtensionWidth=3.0,NodeTop=24.0,ExtensionBottom=0.0,ExtensionTop=24.0] took 44ms
[21:02:45] [main/INFO]: Constructing shapes for DiagonalWallBlock[NodeWidth=0.0,ExtensionWidth=3.0,NodeTop=0.0,ExtensionBottom=0.0,ExtensionTop=14.0] took 86ms
[21:02:46] [main/INFO]: Constructing shapes for DiagonalWallBlock[NodeWidth=4.0,ExtensionWidth=3.0,NodeTop=16.0,ExtensionBottom=0.0,ExtensionTop=14.0] took 153ms
[21:02:46] [main/INFO]: Constructing shapes for DiagonalWallBlock[NodeWidth=4.0,ExtensionWidth=3.0,NodeTop=24.0,ExtensionBottom=0.0,ExtensionTop=24.0] took 51ms
[21:02:46] [main/INFO]: Constructing common components for diagonalwindows:main
[21:02:46] [main/INFO]: Constructing shapes for DiagonalGlassPaneBlock[NodeWidth=1.0,ExtensionWidth=1.0,NodeTop=16.0,ExtensionBottom=0.0,ExtensionTop=16.0] took 14ms
[21:02:46] [main/INFO]: [DRIPPY LOADING SCREEN] Loading v3.1.0 in server-side mode on FABRIC!
[21:02:46] [main/INFO]: Loaded config dummmmmmy-common.json
[21:02:46] [main/WARN]: Lithium detected. MmmMmmMmmMmm scarecrow mode might not work well due to a lithium bug (the mod doesnt have a way to add goals to new entities)
[21:02:46] [main/INFO]: Registering Item Groups for dustydecorations
[21:02:46] [main/INFO]: Registering Mod items for dustydecorations
[21:02:46] [main/INFO]: Registering ModBlocks for dustydecorations
[21:02:46] [main/INFO]: Constructing common components for easymagic:main
[21:02:46] [main/INFO]: File exists, reading config for elocindev.eldritch_end.config.entries.biomes.PrimordialAbyssConfig.
[21:02:46] [main/INFO]: Config for elocindev.eldritch_end.config.entries.biomes.PrimordialAbyssConfig read successfully.
[21:02:47] [main/INFO]: File exists, reading config for elocindev.eldritch_end.config.entries.biomes.HasturianWastesConfig.
[21:02:47] [main/INFO]: Config for elocindev.eldritch_end.config.entries.biomes.HasturianWastesConfig read successfully.
[21:02:47] [main/INFO]: File exists, reading config for elocindev.eldritch_end.config.entries.entities.AberrationConfig.
[21:02:47] [main/INFO]: Config for elocindev.eldritch_end.config.entries.entities.AberrationConfig read successfully.
[21:02:47] [main/INFO]: File exists, reading config for elocindev.eldritch_end.config.entries.entities.TentacleConfig.
[21:02:47] [main/INFO]: Config for elocindev.eldritch_end.config.entries.entities.TentacleConfig read successfully.
[21:02:47] [main/INFO]: File exists, reading config for elocindev.eldritch_end.config.entries.entities.DendlerConfig.
[21:02:47] [main/INFO]: Config for elocindev.eldritch_end.config.entries.entities.DendlerConfig read successfully.
[21:02:47] [main/INFO]: File exists, reading config for elocindev.eldritch_end.config.entries.entities.boss.FacelessConfig.
[21:02:47] [main/INFO]: Config for elocindev.eldritch_end.config.entries.entities.boss.FacelessConfig read successfully.
[21:02:47] [main/INFO]: File exists, reading config for elocindev.eldritch_end.config.entries.entities.boss.HasturConfig.
[21:02:47] [main/INFO]: Config for elocindev.eldritch_end.config.entries.entities.boss.HasturConfig read successfully.
[21:02:47] [main/INFO]: File exists, reading config for elocindev.eldritch_end.config.entries.entities.boss.EyeConfig.
[21:02:47] [main/INFO]: Config for elocindev.eldritch_end.config.entries.entities.boss.EyeConfig read successfully.
[21:02:47] [main/INFO]: File exists, reading config for elocindev.eldritch_end.config.entries.mechanics.CorruptionConfig.
[21:02:47] [main/INFO]: Config for elocindev.eldritch_end.config.entries.mechanics.CorruptionConfig read successfully.
[21:02:47] [main/INFO]: File exists, reading config for elocindev.eldritch_end.config.entries.mechanics.InfusionConfig.
[21:02:47] [main/INFO]: Config for elocindev.eldritch_end.config.entries.mechanics.InfusionConfig read successfully.
[21:02:47] [main/INFO]: File exists, reading config for elocindev.eldritch_end.config.entries.item.XalConfig.
[21:02:47] [main/INFO]: Config for elocindev.eldritch_end.config.entries.item.XalConfig read successfully.
[21:02:47] [main/INFO]: Eldritch End's Config Loaded!
[21:02:47] [main/INFO]: Registered Eldritch End items
[21:02:47] [main/INFO]: Registering Item Group for ends_delight
[21:02:47] [main/INFO]: Registering Mod Blocks for ends_delight
[21:02:47] [main/INFO]: Registering Mod Features for ends_delight
[21:02:47] [main/INFO]: initializing event listener
[21:02:47] [main/INFO]: Initializing tags
[21:02:47] [main/INFO]: Registering sounds
[21:02:47] [main/INFO]: Registering entities
[21:02:47] [main/INFO]: Registering block entities
[21:02:47] [main/INFO]: Initializing custom registries
[21:02:47] [main/INFO]: Registering items
[21:02:47] [main/INFO]: Registering blocks
[21:02:47] [main/INFO]: Registering items
[21:02:47] [main/INFO]: Initializing inventory tabs
[21:02:47] [main/INFO]: Initializing connection types
[21:02:47] [main/INFO]: Initializing string types
[21:02:47] [main/INFO]: Successfully loaded config 'fallingtrees_common'
[21:02:47] [main/INFO]: Successfully saved config 'fallingtrees_common'
[21:02:47] [main/INFO]: [FANCYMENU] Loading v3.8.1 in server-side mode on FABRIC!
[21:02:47] [main/INFO]: Registering C2S receiver with id farm_and_charm:set_text
[21:02:47] [main/INFO]: Farmer's Knives loaded!
[21:02:48] [main/INFO]: Registering ModBlocks for froglightsreimagined
[21:02:48] [main/INFO]: Registering Item Groups forfroglightsreimagined
[21:02:48] [main/INFO]: FroglightsReimagined initialized!
[21:02:48] [main/INFO]: Registering Particles for frozenlib
[21:02:50] [main/INFO]: Loading config FrozenLibConfig from frozenlib
[21:02:50] [main/INFO]: Saving config FrozenLibConfig from frozenlib
[21:02:50] [main/INFO]: Registering Items for hexalia
[21:02:50] [main/INFO]: Registering Item Group for hexalia
[21:02:50] [main/INFO]: Registering Mod Blocks for hexalia
[21:02:50] [main/INFO]: Registering Particles for hexalia
[21:02:50] [main/INFO]: Registering Sounds for hexalia
[21:02:50] [main/INFO]: Registering Block Entities for hexalia
[21:02:50] [main/INFO]: Registering Mod Entities for hexalia
[21:02:50] [main/INFO]: Registering custom recipes for hexalia
[21:02:50] [main/INFO]: Registering screen handlers for hexalia
[21:02:50] [main/INFO]: Registering Armor Materials for hexalia
[21:02:50] [main/INFO]: File exists, reading config for elocindev.item_obliterator.fabric_quilt.config.ConfigEntries.
[21:02:50] [main/INFO]: Config for elocindev.item_obliterator.fabric_quilt.config.ConfigEntries read successfully.
[21:02:50] [main/INFO]: Item Obliterator Config Loaded
[21:02:50] [main/INFO]: Initializing JamLib on Fabric
[21:02:50] [main/INFO]: Hello Fabric world!
[21:02:50] [main/INFO]: Processing 6 KiwiModule annotations
[21:02:50] [main/INFO]: Module [kiwi:contributors] initialized
[21:02:50] [main/INFO]: Module [kiwi:data] initialized
[21:02:50] [main/INFO]: 		recipe_serializer: 3
[21:02:50] [main/INFO]: [KONKRETE] Successfully initialized!
[21:02:50] [main/INFO]: [KONKRETE] Server-side libs ready to use!
[21:02:50] [main/INFO]: Ksyxis: Loading... (platform: fabric, version: 1.4.3, manual: false)
[21:02:50] [main/INFO]: Ksyxis: Ready to remove unneeded chunks. (mixinVersion: 0.8.7, time: 0 ms)
[21:02:50] [main/INFO]: Loaded common.properties
[21:02:50] [main/INFO]: Loaded dev.properties
[21:02:50] [main/INFO]: Looking for KubeJS plugins...
[21:02:50] [main/INFO]: Found plugin source kubejs
[21:02:50] [main/WARN]: Plugin dev.latvian.mods.kubejs.fabric.BuiltinKubeJSFabricClientPlugin does not load on server side, skipping
[21:02:50] [main/INFO]: Found plugin source sawmill
[21:02:50] [main/INFO]: Found plugin source aaa_particles
[21:02:50] [main/INFO]: Done in 22.38 ms
[21:02:51] [main/INFO]: Loading Rhino Minecraft remapper...
[21:02:51] [main/INFO]: Rhino properties loaded.
[21:02:51] [main/INFO]: Loading mappings for 1.20.1
[21:02:51] [main/INFO]: Done in 0.086 s
[21:02:51] [main/INFO]: example.js#5: Hello, World! (Loaded startup scripts)
[21:02:51] [main/INFO]: Loaded script startup_scripts:example.js in 0.027 s
[21:02:51] [main/INFO]: Loaded 1/1 KubeJS startup scripts in 0.18 s with 0 errors and 0 warnings
[21:02:51] [main/INFO]: Registering C2S receiver with id kubejs:send_data_from_client
[21:02:51] [main/INFO]: Registering C2S receiver with id kubejs:first_click
[21:02:51] [main/INFO]: Lamps: Hello from Decorative Lamps!
[21:02:51] [main/INFO]: Lamps: Register Item Groups
[21:02:51] [main/INFO]: lamps Register Items
[21:02:51] [main/INFO]: Lamps: Register Blocks
[21:02:51] [main/INFO]: lamps: Register Effects
[21:02:51] [main/INFO]: lamps: Load Configs
[21:02:51] [main/INFO]: You shall not Json my recipes !
[21:02:51] [main/INFO]: Initialize mod Library Ferret
[21:02:51] [main/INFO]: Initialized mod Library Ferret
[21:02:51] [main/INFO]: [LMFT]: Loaded Config File!
[21:02:51] [main/INFO]: Initializing LuphieclutteredmodMod
[21:02:52] [main/INFO]: Hello Fabric world!
[21:02:52] [main/INFO]: [MELODY] Disabling Melody since it's loaded server-side.
[21:02:52] [main/INFO]: Definitely not up to no good
[21:02:52] [main/INFO]: MobExplosionGriefingGamerule is loaded!
[21:02:52] [main/WARN]: [MODERN WORLD CREATION] Disabling 'Modern World Creation' since it's a client-side mod and current environment is server!
[21:02:52] [main/INFO]: Initializing ModrinthLogoModMod
[21:02:52] [main/INFO]: Loaded config moonlight-common.json
[21:02:52] [main/INFO]: Loaded Mouse Wheelie config
[21:02:52] [main/INFO]: Registering Mythic Items for mythicupgrades
[21:02:52] [main/INFO]: Registering Mythic Blocks for mythicupgrades
[21:02:52] [main/INFO]: Registering resource pack 32x...
[21:02:52] [main/INFO]: Successfully registered resource pack 32x.
[21:02:52] [main/INFO]: Mythic Upgrades works properly! CAN, ANNENE SELAMLAR KARDESIM! <3
[21:02:52] [main/INFO]: Chase your dreams, no matter the cost. Don't wait for invitations, take action. Making a decision, starting something - that's half the battle of achieving success.
[21:02:52] [main/INFO]: [STDOUT]: Registered Resource Key for biome: sugi_forest
[21:02:52] [main/INFO]: [STDOUT]: Registered Resource Key for biome: windswept_sugi_forest
[21:02:52] [main/INFO]: [STDOUT]: Registered Resource Key for biome: blooming_sugi_forest
[21:02:52] [main/INFO]: [STDOUT]: Registered Resource Key for biome: lavender_fields
[21:02:52] [main/INFO]: [STDOUT]: Registered Resource Key for biome: marsh
[21:02:52] [main/INFO]: [STDOUT]: Registered Resource Key for biome: bamboo_wetlands
[21:02:52] [main/INFO]: [STDOUT]: Registered Resource Key for biome: wisteria_forest
[21:02:52] [main/INFO]: [STDOUT]: Registered Resource Key for biome: redwood_forest
[21:02:52] [main/INFO]: [STDOUT]: Registered Resource Key for biome: snowy_redwood_forest
[21:02:52] [main/INFO]: [STDOUT]: Registered Resource Key for biome: aspen_forest
[21:02:52] [main/INFO]: [STDOUT]: Registered Resource Key for biome: maple_woodlands
[21:02:52] [main/INFO]: [STDOUT]: Registered Resource Key for biome: golden_wilds
[21:02:52] [main/INFO]: [STDOUT]: Registered Resource Key for biome: marigold_meadows
[21:02:52] [main/INFO]: [STDOUT]: Registered Resource Key for biome: fir_forest
[21:02:52] [main/INFO]: [STDOUT]: Registered Resource Key for biome: snowy_fir_forest
[21:02:52] [main/INFO]: [STDOUT]: Registered Resource Key for biome: cypress_fields
[21:02:52] [main/INFO]: [STDOUT]: Registered Resource Key for biome: carnation_fields
[21:02:52] [main/INFO]: [STDOUT]: Registered Resource Key for biome: stratified_desert
[21:02:52] [main/INFO]: [STDOUT]: Registered Resource Key for biome: blooming_dunes
[21:02:52] [main/INFO]: [STDOUT]: Registered Resource Key for biome: lively_dunes
[21:02:52] [main/INFO]: [STDOUT]: Registered Resource Key for biome: drylands
[21:02:52] [main/INFO]: [STDOUT]: Registered Resource Key for biome: wooded_drylands
[21:02:52] [main/INFO]: [STDOUT]: Registered Resource Key for biome: xeric_plains
[21:02:52] [main/INFO]: [STDOUT]: Registered Resource Key for biome: cedar_thicket
[21:02:52] [main/INFO]: [STDOUT]: Registered Resource Key for biome: white_cliffs
[21:02:52] [main/INFO]: [STDOUT]: Registered Resource Key for biome: prairie
[21:02:52] [main/INFO]: [STDOUT]: Registered Resource Key for biome: oak_savanna
[21:02:52] [main/INFO]: [STDOUT]: Registered Resource Key for biome: heather_fields
[21:02:52] [main/INFO]: [STDOUT]: Registered Resource Key for biome: tundra
[21:02:52] [main/INFO]: [STDOUT]: Registered Resource Key for biome: alpine_clearings
[21:02:52] [main/INFO]: [STDOUT]: Registered Resource Key for biome: alpine_highlands
[21:02:52] [main/INFO]: [STDOUT]: Registered Resource Key for biome: coniferous_covert
[21:02:52] [main/INFO]: [STDOUT]: Registered Resource Key for biome: boreal_taiga
[21:02:52] [main/INFO]: [STDOUT]: Registered Resource Key for biome: tropical_shores
[21:02:52] [main/INFO]: [STDOUT]: Registered Resource Key for biome: tropical_woods
[21:02:52] [main/INFO]: [STDOUT]: Registered Resource Key for biome: sparse_tropical_woods
[21:02:52] [main/INFO]: [STDOUT]: Registered Resource Key for biome: tropical_basin
[21:02:52] [main/INFO]: [STDOUT]: Registered Resource Key for biome: arid_savanna
[21:02:52] [main/INFO]: [STDOUT]: Registered Resource Key for biome: scorched_dunes
[21:02:52] [main/INFO]: [STDOUT]: Registered Resource Key for biome: flowering_shrubland
[21:02:52] [main/INFO]: [STDOUT]: Registered Resource Key for biome: shrubland
[21:02:52] [main/INFO]: [STDOUT]: Registered Resource Key for biome: arid_highlands
[21:02:52] [main/INFO]: [STDOUT]: Registered Resource Key for biome: shrubby_highlands
[21:02:52] [main/INFO]: [STDOUT]: Registered Resource Key for biome: woody_highlands
[21:02:52] [main/INFO]: [STDOUT]: Registered Resource Key for biome: red_peaks
[21:02:52] [main/INFO]: [STDOUT]: Registered Resource Key for biome: dusty_slopes
[21:02:52] [main/INFO]: [STDOUT]: Registered Resource Key for biome: snowcapped_red_peaks
[21:02:52] [main/INFO]: [STDOUT]: Registered Resource Key for biome: sleeted_slopes
[21:02:52] [main/INFO]: [STDOUT]: Registered Resource Key for biome: blooming_highlands
[21:02:52] [main/INFO]: [STDOUT]: Registered Resource Key for biome: chaparral
[21:02:52] [main/INFO]: [STDOUT]: Registered Resource Key for biome: floral_ridges
[21:02:52] [main/INFO]: Necronomicon Initialized
[21:02:52] [main/INFO]: File exists, reading config for elocindev.necronomicon.NecronomiconConfig.
[21:02:52] [main/INFO]: Config for elocindev.necronomicon.NecronomiconConfig read successfully.
[21:02:52] [main/INFO]: KONNICHIWA ZA WARUDO!
[21:02:52] [main/INFO]: Default JVM text encoding is: UTF-8
[21:02:52] [main/INFO]: Reading config file NoChatReports/NCR-Common.json...
[21:02:52] [main/INFO]: Writing config file NoChatReports/NCR-Common.json...
[21:02:52] [main/INFO]: Registering mod items for obsidianequipmentrework
[21:02:52] [main/INFO]: Obsidian Equipment Reworked initialized!
[21:02:52] [main/INFO]: Registering Items for oceansdelight
[21:02:52] [main/INFO]: Registering Blocks for oceansdelight
[21:02:52] [main/INFO]: Registering tabs for oceansdelight
[21:02:52] [main/INFO]: [Omnilib] [OmniLib] Welcome to the next level.
[21:02:52] [main/INFO]: it seems to react to redstone
[21:02:53] [main/INFO]: [STDOUT]: [Peaceful Hunger] Reading configuration file: /workspaces/NEXUS/config/peaceful_hunger-common.toml
[21:02:53] [main/INFO]: [STDOUT]: [Peaceful Hunger] Difficulty for hunger checks was set to HARD
[21:02:53] [main/INFO]: Initializing PneumonoCore
[21:02:53] [main/INFO]: Constructing common components for puzzlesapi:iteminteractions
[21:02:53] [main/INFO]: Constructing common components for puzzlesapi:slotcycling
[21:02:53] [main/INFO]: Constructing common components for puzzlesapi:limitlesscontainers
[21:02:53] [main/INFO]: Constructing common components for puzzlesapi:statues
[21:02:53] [main/INFO]: Constructing common components for puzzleslib:main
[21:02:53] [main/INFO]: Steam 'n' Rails v1.7.2 initializing! Commit hash: 7c1a21e3a4edbd6b5f1301f82a8bfbeb5fdb1444 on Create version: 6.0.8.1 on platform: Fabric
[21:02:53] [main/INFO]: Registered bogey styles from railways
[21:02:53] [main/INFO]: Registering data fixers
[21:02:53] [main/INFO]: 0 Datafixer optimizations took 0 milliseconds
[21:02:53] [main/INFO]: Found existing entry for create:track_signal in minecraft:block_entity_type
[21:02:53] [main/INFO]: Registering callback for railways:track_signal_source in create:display_source
[21:02:53] [main/INFO]: Found existing entry for create:copycat in minecraft:block_entity_type
[21:02:53] [main/INFO]: Registering callback for railways:conductor_vent in minecraft:block
[21:02:53] [main/INFO]: Found existing entry for create:flywheel in minecraft:block_entity_type
[21:02:53] [main/INFO]: Registering callback for railways:locometal_flywheel in minecraft:block
[21:02:53] [main/INFO]: Found existing entry for create:sliding_door in minecraft:block_entity_type
[21:02:53] [main/INFO]: Registering callback for railways:sliding_locometal_door in minecraft:block
[21:02:53] [main/INFO]: Found existing entry for create:sliding_door in minecraft:block_entity_type
[21:02:53] [main/INFO]: Registering callback for railways:folding_locometal_door in minecraft:block
[21:02:53] [main/INFO]: Found existing entry for create:flywheel in minecraft:block_entity_type
[21:02:53] [main/INFO]: Registering callback for railways:brown_locometal_flywheel in minecraft:block
[21:02:53] [main/INFO]: Found existing entry for create:sliding_door in minecraft:block_entity_type
[21:02:53] [main/INFO]: Registering callback for railways:brown_sliding_locometal_door in minecraft:block
[21:02:53] [main/INFO]: Found existing entry for create:sliding_door in minecraft:block_entity_type
[21:02:53] [main/INFO]: Registering callback for railways:brown_folding_locometal_door in minecraft:block
[21:02:53] [main/INFO]: Found existing entry for create:flywheel in minecraft:block_entity_type
[21:02:53] [main/INFO]: Registering callback for railways:maroon_locometal_flywheel in minecraft:block
[21:02:53] [main/INFO]: Found existing entry for create:sliding_door in minecraft:block_entity_type
[21:02:53] [main/INFO]: Registering callback for railways:maroon_sliding_locometal_door in minecraft:block
[21:02:53] [main/INFO]: Found existing entry for create:sliding_door in minecraft:block_entity_type
[21:02:53] [main/INFO]: Registering callback for railways:maroon_folding_locometal_door in minecraft:block
[21:02:53] [main/INFO]: Found existing entry for create:flywheel in minecraft:block_entity_type
[21:02:53] [main/INFO]: Registering callback for railways:red_locometal_flywheel in minecraft:block
[21:02:53] [main/INFO]: Found existing entry for create:sliding_door in minecraft:block_entity_type
[21:02:53] [main/INFO]: Registering callback for railways:red_sliding_locometal_door in minecraft:block
[21:02:53] [main/INFO]: Found existing entry for create:sliding_door in minecraft:block_entity_type
[21:02:53] [main/INFO]: Registering callback for railways:red_folding_locometal_door in minecraft:block
[21:02:53] [main/INFO]: Found existing entry for create:flywheel in minecraft:block_entity_type
[21:02:53] [main/INFO]: Registering callback for railways:vermilion_locometal_flywheel in minecraft:block
[21:02:53] [main/INFO]: Found existing entry for create:sliding_door in minecraft:block_entity_type
[21:02:53] [main/INFO]: Registering callback for railways:vermilion_sliding_locometal_door in minecraft:block
[21:02:53] [main/INFO]: Found existing entry for create:sliding_door in minecraft:block_entity_type
[21:02:53] [main/INFO]: Registering callback for railways:vermilion_folding_locometal_door in minecraft:block
[21:02:53] [main/INFO]: Found existing entry for create:flywheel in minecraft:block_entity_type
[21:02:53] [main/INFO]: Registering callback for railways:orange_locometal_flywheel in minecraft:block
[21:02:53] [main/INFO]: Found existing entry for create:sliding_door in minecraft:block_entity_type
[21:02:53] [main/INFO]: Registering callback for railways:orange_sliding_locometal_door in minecraft:block
[21:02:53] [main/INFO]: Found existing entry for create:sliding_door in minecraft:block_entity_type
[21:02:53] [main/INFO]: Registering callback for railways:orange_folding_locometal_door in minecraft:block
[21:02:53] [main/INFO]: Found existing entry for create:flywheel in minecraft:block_entity_type
[21:02:53] [main/INFO]: Registering callback for railways:granite_locometal_flywheel in minecraft:block
[21:02:53] [main/INFO]: Found existing entry for create:sliding_door in minecraft:block_entity_type
[21:02:53] [main/INFO]: Registering callback for railways:granite_sliding_locometal_door in minecraft:block
[21:02:53] [main/INFO]: Found existing entry for create:sliding_door in minecraft:block_entity_type
[21:02:53] [main/INFO]: Registering callback for railways:granite_folding_locometal_door in minecraft:block
[21:02:53] [main/INFO]: Found existing entry for create:flywheel in minecraft:block_entity_type
[21:02:53] [main/INFO]: Registering callback for railways:dripstone_locometal_flywheel in minecraft:block
[21:02:53] [main/INFO]: Found existing entry for create:sliding_door in minecraft:block_entity_type
[21:02:53] [main/INFO]: Registering callback for railways:dripstone_sliding_locometal_door in minecraft:block
[21:02:53] [main/INFO]: Found existing entry for create:sliding_door in minecraft:block_entity_type
[21:02:53] [main/INFO]: Registering callback for railways:dripstone_folding_locometal_door in minecraft:block
[21:02:53] [main/INFO]: Found existing entry for create:flywheel in minecraft:block_entity_type
[21:02:53] [main/INFO]: Registering callback for railways:ochrum_locometal_flywheel in minecraft:block
[21:02:53] [main/INFO]: Found existing entry for create:sliding_door in minecraft:block_entity_type
[21:02:53] [main/INFO]: Registering callback for railways:ochrum_sliding_locometal_door in minecraft:block
[21:02:53] [main/INFO]: Found existing entry for create:sliding_door in minecraft:block_entity_type
[21:02:53] [main/INFO]: Registering callback for railways:ochrum_folding_locometal_door in minecraft:block
[21:02:53] [main/INFO]: Found existing entry for create:flywheel in minecraft:block_entity_type
[21:02:53] [main/INFO]: Registering callback for railways:yellow_locometal_flywheel in minecraft:block
[21:02:53] [main/INFO]: Found existing entry for create:sliding_door in minecraft:block_entity_type
[21:02:53] [main/INFO]: Registering callback for railways:yellow_sliding_locometal_door in minecraft:block
[21:02:53] [main/INFO]: Found existing entry for create:sliding_door in minecraft:block_entity_type
[21:02:53] [main/INFO]: Registering callback for railways:yellow_folding_locometal_door in minecraft:block
[21:02:53] [main/INFO]: Found existing entry for create:flywheel in minecraft:block_entity_type
[21:02:53] [main/INFO]: Registering callback for railways:chartreuse_locometal_flywheel in minecraft:block
[21:02:53] [main/INFO]: Found existing entry for create:sliding_door in minecraft:block_entity_type
[21:02:53] [main/INFO]: Registering callback for railways:chartreuse_sliding_locometal_door in minecraft:block
[21:02:53] [main/INFO]: Found existing entry for create:sliding_door in minecraft:block_entity_type
[21:02:53] [main/INFO]: Registering callback for railways:chartreuse_folding_locometal_door in minecraft:block
[21:02:53] [main/INFO]: Found existing entry for create:flywheel in minecraft:block_entity_type
[21:02:53] [main/INFO]: Registering callback for railways:olive_green_locometal_flywheel in minecraft:block
[21:02:53] [main/INFO]: Found existing entry for create:sliding_door in minecraft:block_entity_type
[21:02:53] [main/INFO]: Registering callback for railways:olive_green_sliding_locometal_door in minecraft:block
[21:02:53] [main/INFO]: Found existing entry for create:sliding_door in minecraft:block_entity_type
[21:02:53] [main/INFO]: Registering callback for railways:olive_green_folding_locometal_door in minecraft:block
[21:02:53] [main/INFO]: Found existing entry for create:flywheel in minecraft:block_entity_type
[21:02:53] [main/INFO]: Registering callback for railways:lime_locometal_flywheel in minecraft:block
[21:02:53] [main/INFO]: Found existing entry for create:sliding_door in minecraft:block_entity_type
[21:02:53] [main/INFO]: Registering callback for railways:lime_sliding_locometal_door in minecraft:block
[21:02:53] [main/INFO]: Found existing entry for create:sliding_door in minecraft:block_entity_type
[21:02:53] [main/INFO]: Registering callback for railways:lime_folding_locometal_door in minecraft:block
[21:02:53] [main/INFO]: Found existing entry for create:flywheel in minecraft:block_entity_type
[21:02:53] [main/INFO]: Registering callback for railways:green_locometal_flywheel in minecraft:block
[21:02:53] [main/INFO]: Found existing entry for create:sliding_door in minecraft:block_entity_type
[21:02:53] [main/INFO]: Registering callback for railways:green_sliding_locometal_door in minecraft:block
[21:02:53] [main/INFO]: Found existing entry for create:sliding_door in minecraft:block_entity_type
[21:02:53] [main/INFO]: Registering callback for railways:green_folding_locometal_door in minecraft:block
[21:02:53] [main/INFO]: Found existing entry for create:flywheel in minecraft:block_entity_type
[21:02:53] [main/INFO]: Registering callback for railways:pine_green_locometal_flywheel in minecraft:block
[21:02:53] [main/INFO]: Found existing entry for create:sliding_door in minecraft:block_entity_type
[21:02:53] [main/INFO]: Registering callback for railways:pine_green_sliding_locometal_door in minecraft:block
[21:02:53] [main/INFO]: Found existing entry for create:sliding_door in minecraft:block_entity_type
[21:02:53] [main/INFO]: Registering callback for railways:pine_green_folding_locometal_door in minecraft:block
[21:02:53] [main/INFO]: Found existing entry for create:flywheel in minecraft:block_entity_type
[21:02:53] [main/INFO]: Registering callback for railways:cyan_locometal_flywheel in minecraft:block
[21:02:53] [main/INFO]: Found existing entry for create:sliding_door in minecraft:block_entity_type
[21:02:53] [main/INFO]: Registering callback for railways:cyan_sliding_locometal_door in minecraft:block
[21:02:53] [main/INFO]: Found existing entry for create:sliding_door in minecraft:block_entity_type
[21:02:53] [main/INFO]: Registering callback for railways:cyan_folding_locometal_door in minecraft:block
[21:02:53] [main/INFO]: Found existing entry for create:flywheel in minecraft:block_entity_type
[21:02:53] [main/INFO]: Registering callback for railways:sea_green_locometal_flywheel in minecraft:block
[21:02:53] [main/INFO]: Found existing entry for create:sliding_door in minecraft:block_entity_type
[21:02:53] [main/INFO]: Registering callback for railways:sea_green_sliding_locometal_door in minecraft:block
[21:02:53] [main/INFO]: Found existing entry for create:sliding_door in minecraft:block_entity_type
[21:02:53] [main/INFO]: Registering callback for railways:sea_green_folding_locometal_door in minecraft:block
[21:02:53] [main/INFO]: Found existing entry for create:flywheel in minecraft:block_entity_type
[21:02:53] [main/INFO]: Registering callback for railways:turquoise_locometal_flywheel in minecraft:block
[21:02:53] [main/INFO]: Found existing entry for create:sliding_door in minecraft:block_entity_type
[21:02:53] [main/INFO]: Registering callback for railways:turquoise_sliding_locometal_door in minecraft:block
[21:02:53] [main/INFO]: Found existing entry for create:sliding_door in minecraft:block_entity_type
[21:02:53] [main/INFO]: Registering callback for railways:turquoise_folding_locometal_door in minecraft:block
[21:02:53] [main/INFO]: Found existing entry for create:flywheel in minecraft:block_entity_type
[21:02:53] [main/INFO]: Registering callback for railways:light_blue_locometal_flywheel in minecraft:block
[21:02:53] [main/INFO]: Found existing entry for create:sliding_door in minecraft:block_entity_type
[21:02:53] [main/INFO]: Registering callback for railways:light_blue_sliding_locometal_door in minecraft:block
[21:02:53] [main/INFO]: Found existing entry for create:sliding_door in minecraft:block_entity_type
[21:02:53] [main/INFO]: Registering callback for railways:light_blue_folding_locometal_door in minecraft:block
[21:02:53] [main/INFO]: Found existing entry for create:flywheel in minecraft:block_entity_type
[21:02:53] [main/INFO]: Registering callback for railways:blue_locometal_flywheel in minecraft:block
[21:02:53] [main/INFO]: Found existing entry for create:sliding_door in minecraft:block_entity_type
[21:02:53] [main/INFO]: Registering callback for railways:blue_sliding_locometal_door in minecraft:block
[21:02:53] [main/INFO]: Found existing entry for create:sliding_door in minecraft:block_entity_type
[21:02:53] [main/INFO]: Registering callback for railways:blue_folding_locometal_door in minecraft:block
[21:02:53] [main/INFO]: Found existing entry for create:flywheel in minecraft:block_entity_type
[21:02:53] [main/INFO]: Registering callback for railways:royal_blue_locometal_flywheel in minecraft:block
[21:02:53] [main/INFO]: Found existing entry for create:sliding_door in minecraft:block_entity_type
[21:02:53] [main/INFO]: Registering callback for railways:royal_blue_sliding_locometal_door in minecraft:block
[21:02:53] [main/INFO]: Found existing entry for create:sliding_door in minecraft:block_entity_type
[21:02:53] [main/INFO]: Registering callback for railways:royal_blue_folding_locometal_door in minecraft:block
[21:02:53] [main/INFO]: Found existing entry for create:flywheel in minecraft:block_entity_type
[21:02:53] [main/INFO]: Registering callback for railways:purple_locometal_flywheel in minecraft:block
[21:02:53] [main/INFO]: Found existing entry for create:sliding_door in minecraft:block_entity_type
[21:02:53] [main/INFO]: Registering callback for railways:purple_sliding_locometal_door in minecraft:block
[21:02:53] [main/INFO]: Found existing entry for create:sliding_door in minecraft:block_entity_type
[21:02:53] [main/INFO]: Registering callback for railways:purple_folding_locometal_door in minecraft:block
[21:02:53] [main/INFO]: Found existing entry for create:flywheel in minecraft:block_entity_type
[21:02:53] [main/INFO]: Registering callback for railways:magenta_locometal_flywheel in minecraft:block
[21:02:53] [main/INFO]: Found existing entry for create:sliding_door in minecraft:block_entity_type
[21:02:53] [main/INFO]: Registering callback for railways:magenta_sliding_locometal_door in minecraft:block
[21:02:53] [main/INFO]: Found existing entry for create:sliding_door in minecraft:block_entity_type
[21:02:53] [main/INFO]: Registering callback for railways:magenta_folding_locometal_door in minecraft:block
[21:02:53] [main/INFO]: Found existing entry for create:flywheel in minecraft:block_entity_type
[21:02:53] [main/INFO]: Registering callback for railways:pink_locometal_flywheel in minecraft:block
[21:02:53] [main/INFO]: Found existing entry for create:sliding_door in minecraft:block_entity_type
[21:02:53] [main/INFO]: Registering callback for railways:pink_sliding_locometal_door in minecraft:block
[21:02:53] [main/INFO]: Found existing entry for create:sliding_door in minecraft:block_entity_type
[21:02:53] [main/INFO]: Registering callback for railways:pink_folding_locometal_door in minecraft:block
[21:02:53] [main/INFO]: Found existing entry for create:flywheel in minecraft:block_entity_type
[21:02:53] [main/INFO]: Registering callback for railways:white_locometal_flywheel in minecraft:block
[21:02:53] [main/INFO]: Found existing entry for create:sliding_door in minecraft:block_entity_type
[21:02:53] [main/INFO]: Registering callback for railways:white_sliding_locometal_door in minecraft:block
[21:02:53] [main/INFO]: Found existing entry for create:sliding_door in minecraft:block_entity_type
[21:02:53] [main/INFO]: Registering callback for railways:white_folding_locometal_door in minecraft:block
[21:02:53] [main/INFO]: Found existing entry for create:flywheel in minecraft:block_entity_type
[21:02:53] [main/INFO]: Registering callback for railways:diorite_locometal_flywheel in minecraft:block
[21:02:53] [main/INFO]: Found existing entry for create:sliding_door in minecraft:block_entity_type
[21:02:53] [main/INFO]: Registering callback for railways:diorite_sliding_locometal_door in minecraft:block
[21:02:53] [main/INFO]: Found existing entry for create:sliding_door in minecraft:block_entity_type
[21:02:53] [main/INFO]: Registering callback for railways:diorite_folding_locometal_door in minecraft:block
[21:02:53] [main/INFO]: Found existing entry for create:flywheel in minecraft:block_entity_type
[21:02:53] [main/INFO]: Registering callback for railways:limestone_locometal_flywheel in minecraft:block
[21:02:53] [main/INFO]: Found existing entry for create:sliding_door in minecraft:block_entity_type
[21:02:53] [main/INFO]: Registering callback for railways:limestone_sliding_locometal_door in minecraft:block
[21:02:53] [main/INFO]: Found existing entry for create:sliding_door in minecraft:block_entity_type
[21:02:53] [main/INFO]: Registering callback for railways:limestone_folding_locometal_door in minecraft:block
[21:02:53] [main/INFO]: Found existing entry for create:flywheel in minecraft:block_entity_type
[21:02:53] [main/INFO]: Registering callback for railways:light_gray_locometal_flywheel in minecraft:block
[21:02:53] [main/INFO]: Found existing entry for create:sliding_door in minecraft:block_entity_type
[21:02:53] [main/INFO]: Registering callback for railways:light_gray_sliding_locometal_door in minecraft:block
[21:02:53] [main/INFO]: Found existing entry for create:sliding_door in minecraft:block_entity_type
[21:02:53] [main/INFO]: Registering callback for railways:light_gray_folding_locometal_door in minecraft:block
[21:02:53] [main/INFO]: Found existing entry for create:flywheel in minecraft:block_entity_type
[21:02:53] [main/INFO]: Registering callback for railways:tuff_locometal_flywheel in minecraft:block
[21:02:53] [main/INFO]: Found existing entry for create:sliding_door in minecraft:block_entity_type
[21:02:53] [main/INFO]: Registering callback for railways:tuff_sliding_locometal_door in minecraft:block
[21:02:53] [main/INFO]: Found existing entry for create:sliding_door in minecraft:block_entity_type
[21:02:53] [main/INFO]: Registering callback for railways:tuff_folding_locometal_door in minecraft:block
[21:02:53] [main/INFO]: Found existing entry for create:flywheel in minecraft:block_entity_type
[21:02:53] [main/INFO]: Registering callback for railways:gray_locometal_flywheel in minecraft:block
[21:02:53] [main/INFO]: Found existing entry for create:sliding_door in minecraft:block_entity_type
[21:02:53] [main/INFO]: Registering callback for railways:gray_sliding_locometal_door in minecraft:block
[21:02:53] [main/INFO]: Found existing entry for create:sliding_door in minecraft:block_entity_type
[21:02:53] [main/INFO]: Registering callback for railways:gray_folding_locometal_door in minecraft:block
[21:02:53] [main/INFO]: Found existing entry for create:flywheel in minecraft:block_entity_type
[21:02:53] [main/INFO]: Registering callback for railways:scorchia_locometal_flywheel in minecraft:block
[21:02:53] [main/INFO]: Found existing entry for create:sliding_door in minecraft:block_entity_type
[21:02:53] [main/INFO]: Registering callback for railways:scorchia_sliding_locometal_door in minecraft:block
[21:02:53] [main/INFO]: Found existing entry for create:sliding_door in minecraft:block_entity_type
[21:02:53] [main/INFO]: Registering callback for railways:scorchia_folding_locometal_door in minecraft:block
[21:02:53] [main/INFO]: Found existing entry for create:flywheel in minecraft:block_entity_type
[21:02:53] [main/INFO]: Registering callback for railways:black_locometal_flywheel in minecraft:block
[21:02:53] [main/INFO]: Found existing entry for create:sliding_door in minecraft:block_entity_type
[21:02:53] [main/INFO]: Registering callback for railways:black_sliding_locometal_door in minecraft:block
[21:02:53] [main/INFO]: Found existing entry for create:sliding_door in minecraft:block_entity_type
[21:02:53] [main/INFO]: Registering callback for railways:black_folding_locometal_door in minecraft:block
[21:02:53] [main/INFO]: Registering tracks for Hex Casting
[21:02:53] [main/INFO]: Registering tracks for Oh The Biomes You'll Go
[21:02:53] [main/INFO]: Registering tracks for Blue Skies
[21:02:53] [main/INFO]: Registering tracks for Twilight Forest
[21:02:53] [main/INFO]: Registering tracks for Biomes O' Plenty
[21:02:53] [main/INFO]: Registering tracks for Nature's Spirit
[21:02:53] [main/INFO]: Registering tracks for Dreams and Desires
[21:02:53] [main/INFO]: Registering tracks for Quark
[21:02:53] [main/INFO]: Registering tracks for TerraFirmaCraft
[21:02:53] [main/INFO]: Running callback for create:copycat and railways:conductor_vent
[21:02:53] [main/INFO]: Running callback for create:flywheel and railways:locometal_flywheel
[21:02:53] [main/INFO]: Running callback for create:sliding_door and railways:sliding_locometal_door
[21:02:53] [main/INFO]: Running callback for create:sliding_door and railways:folding_locometal_door
[21:02:53] [main/INFO]: Running callback for create:flywheel and railways:brown_locometal_flywheel
[21:02:53] [main/INFO]: Running callback for create:sliding_door and railways:brown_sliding_locometal_door
[21:02:53] [main/INFO]: Running callback for create:sliding_door and railways:brown_folding_locometal_door
[21:02:53] [main/INFO]: Running callback for create:flywheel and railways:maroon_locometal_flywheel
[21:02:53] [main/INFO]: Running callback for create:sliding_door and railways:maroon_sliding_locometal_door
[21:02:53] [main/INFO]: Running callback for create:sliding_door and railways:maroon_folding_locometal_door
[21:02:53] [main/INFO]: Running callback for create:flywheel and railways:red_locometal_flywheel
[21:02:53] [main/INFO]: Running callback for create:sliding_door and railways:red_sliding_locometal_door
[21:02:53] [main/INFO]: Running callback for create:sliding_door and railways:red_folding_locometal_door
[21:02:53] [main/INFO]: Running callback for create:flywheel and railways:vermilion_locometal_flywheel
[21:02:53] [main/INFO]: Running callback for create:sliding_door and railways:vermilion_sliding_locometal_door
[21:02:53] [main/INFO]: Running callback for create:sliding_door and railways:vermilion_folding_locometal_door
[21:02:53] [main/INFO]: Running callback for create:flywheel and railways:orange_locometal_flywheel
[21:02:53] [main/INFO]: Running callback for create:sliding_door and railways:orange_sliding_locometal_door
[21:02:53] [main/INFO]: Running callback for create:sliding_door and railways:orange_folding_locometal_door
[21:02:53] [main/INFO]: Running callback for create:flywheel and railways:granite_locometal_flywheel
[21:02:53] [main/INFO]: Running callback for create:sliding_door and railways:granite_sliding_locometal_door
[21:02:53] [main/INFO]: Running callback for create:sliding_door and railways:granite_folding_locometal_door
[21:02:53] [main/INFO]: Running callback for create:flywheel and railways:dripstone_locometal_flywheel
[21:02:53] [main/INFO]: Running callback for create:sliding_door and railways:dripstone_sliding_locometal_door
[21:02:53] [main/INFO]: Running callback for create:sliding_door and railways:dripstone_folding_locometal_door
[21:02:53] [main/INFO]: Running callback for create:flywheel and railways:ochrum_locometal_flywheel
[21:02:53] [main/INFO]: Running callback for create:sliding_door and railways:ochrum_sliding_locometal_door
[21:02:53] [main/INFO]: Running callback for create:sliding_door and railways:ochrum_folding_locometal_door
[21:02:53] [main/INFO]: Running callback for create:flywheel and railways:yellow_locometal_flywheel
[21:02:53] [main/INFO]: Running callback for create:sliding_door and railways:yellow_sliding_locometal_door
[21:02:53] [main/INFO]: Running callback for create:sliding_door and railways:yellow_folding_locometal_door
[21:02:53] [main/INFO]: Running callback for create:flywheel and railways:chartreuse_locometal_flywheel
[21:02:53] [main/INFO]: Running callback for create:sliding_door and railways:chartreuse_sliding_locometal_door
[21:02:53] [main/INFO]: Running callback for create:sliding_door and railways:chartreuse_folding_locometal_door
[21:02:53] [main/INFO]: Running callback for create:flywheel and railways:olive_green_locometal_flywheel
[21:02:53] [main/INFO]: Running callback for create:sliding_door and railways:olive_green_sliding_locometal_door
[21:02:53] [main/INFO]: Running callback for create:sliding_door and railways:olive_green_folding_locometal_door
[21:02:53] [main/INFO]: Running callback for create:flywheel and railways:lime_locometal_flywheel
[21:02:53] [main/INFO]: Running callback for create:sliding_door and railways:lime_sliding_locometal_door
[21:02:53] [main/INFO]: Running callback for create:sliding_door and railways:lime_folding_locometal_door
[21:02:53] [main/INFO]: Running callback for create:flywheel and railways:green_locometal_flywheel
[21:02:53] [main/INFO]: Running callback for create:sliding_door and railways:green_sliding_locometal_door
[21:02:53] [main/INFO]: Running callback for create:sliding_door and railways:green_folding_locometal_door
[21:02:53] [main/INFO]: Running callback for create:flywheel and railways:pine_green_locometal_flywheel
[21:02:53] [main/INFO]: Running callback for create:sliding_door and railways:pine_green_sliding_locometal_door
[21:02:53] [main/INFO]: Running callback for create:sliding_door and railways:pine_green_folding_locometal_door
[21:02:53] [main/INFO]: Running callback for create:flywheel and railways:cyan_locometal_flywheel
[21:02:53] [main/INFO]: Running callback for create:sliding_door and railways:cyan_sliding_locometal_door
[21:02:53] [main/INFO]: Running callback for create:sliding_door and railways:cyan_folding_locometal_door
[21:02:53] [main/INFO]: Running callback for create:flywheel and railways:sea_green_locometal_flywheel
[21:02:53] [main/INFO]: Running callback for create:sliding_door and railways:sea_green_sliding_locometal_door
[21:02:53] [main/INFO]: Running callback for create:sliding_door and railways:sea_green_folding_locometal_door
[21:02:53] [main/INFO]: Running callback for create:flywheel and railways:turquoise_locometal_flywheel
[21:02:53] [main/INFO]: Running callback for create:sliding_door and railways:turquoise_sliding_locometal_door
[21:02:53] [main/INFO]: Running callback for create:sliding_door and railways:turquoise_folding_locometal_door
[21:02:53] [main/INFO]: Running callback for create:flywheel and railways:light_blue_locometal_flywheel
[21:02:53] [main/INFO]: Running callback for create:sliding_door and railways:light_blue_sliding_locometal_door
[21:02:53] [main/INFO]: Running callback for create:sliding_door and railways:light_blue_folding_locometal_door
[21:02:53] [main/INFO]: Running callback for create:flywheel and railways:blue_locometal_flywheel
[21:02:53] [main/INFO]: Running callback for create:sliding_door and railways:blue_sliding_locometal_door
[21:02:53] [main/INFO]: Running callback for create:sliding_door and railways:blue_folding_locometal_door
[21:02:53] [main/INFO]: Running callback for create:flywheel and railways:royal_blue_locometal_flywheel
[21:02:53] [main/INFO]: Running callback for create:sliding_door and railways:royal_blue_sliding_locometal_door
[21:02:53] [main/INFO]: Running callback for create:sliding_door and railways:royal_blue_folding_locometal_door
[21:02:53] [main/INFO]: Running callback for create:flywheel and railways:purple_locometal_flywheel
[21:02:53] [main/INFO]: Running callback for create:sliding_door and railways:purple_sliding_locometal_door
[21:02:53] [main/INFO]: Running callback for create:sliding_door and railways:purple_folding_locometal_door
[21:02:53] [main/INFO]: Running callback for create:flywheel and railways:magenta_locometal_flywheel
[21:02:53] [main/INFO]: Running callback for create:sliding_door and railways:magenta_sliding_locometal_door
[21:02:53] [main/INFO]: Running callback for create:sliding_door and railways:magenta_folding_locometal_door
[21:02:53] [main/INFO]: Running callback for create:flywheel and railways:pink_locometal_flywheel
[21:02:53] [main/INFO]: Running callback for create:sliding_door and railways:pink_sliding_locometal_door
[21:02:53] [main/INFO]: Running callback for create:sliding_door and railways:pink_folding_locometal_door
[21:02:53] [main/INFO]: Running callback for create:flywheel and railways:white_locometal_flywheel
[21:02:53] [main/INFO]: Running callback for create:sliding_door and railways:white_sliding_locometal_door
[21:02:53] [main/INFO]: Running callback for create:sliding_door and railways:white_folding_locometal_door
[21:02:53] [main/INFO]: Running callback for create:flywheel and railways:diorite_locometal_flywheel
[21:02:53] [main/INFO]: Running callback for create:sliding_door and railways:diorite_sliding_locometal_door
[21:02:53] [main/INFO]: Running callback for create:sliding_door and railways:diorite_folding_locometal_door
[21:02:53] [main/INFO]: Running callback for create:flywheel and railways:limestone_locometal_flywheel
[21:02:53] [main/INFO]: Running callback for create:sliding_door and railways:limestone_sliding_locometal_door
[21:02:53] [main/INFO]: Running callback for create:sliding_door and railways:limestone_folding_locometal_door
[21:02:53] [main/INFO]: Running callback for create:flywheel and railways:light_gray_locometal_flywheel
[21:02:53] [main/INFO]: Running callback for create:sliding_door and railways:light_gray_sliding_locometal_door
[21:02:53] [main/INFO]: Running callback for create:sliding_door and railways:light_gray_folding_locometal_door
[21:02:53] [main/INFO]: Running callback for create:flywheel and railways:tuff_locometal_flywheel
[21:02:53] [main/INFO]: Running callback for create:sliding_door and railways:tuff_sliding_locometal_door
[21:02:53] [main/INFO]: Running callback for create:sliding_door and railways:tuff_folding_locometal_door
[21:02:53] [main/INFO]: Running callback for create:flywheel and railways:gray_locometal_flywheel
[21:02:53] [main/INFO]: Running callback for create:sliding_door and railways:gray_sliding_locometal_door
[21:02:53] [main/INFO]: Running callback for create:sliding_door and railways:gray_folding_locometal_door
[21:02:53] [main/INFO]: Running callback for create:flywheel and railways:scorchia_locometal_flywheel
[21:02:53] [main/INFO]: Running callback for create:sliding_door and railways:scorchia_sliding_locometal_door
[21:02:53] [main/INFO]: Running callback for create:sliding_door and railways:scorchia_folding_locometal_door
[21:02:53] [main/INFO]: Running callback for create:flywheel and railways:black_locometal_flywheel
[21:02:53] [main/INFO]: Running callback for create:sliding_door and railways:black_sliding_locometal_door
[21:02:53] [main/INFO]: Running callback for create:sliding_door and railways:black_folding_locometal_door
[21:02:53] [main/INFO]: Running callback for create:track_signal and railways:track_signal_source
[21:02:53] [main/INFO]: Running finalizers
[21:02:53] [main/INFO]: Reflections took 8 ms to scan 1 urls, producing 6 keys and 40 values
[21:02:53] [main/INFO]: Reflections took 9 ms to scan 1 urls, producing 6 keys and 40 values
[21:02:53] [main/INFO]: Registering Ribbit instruments...
[21:02:53] [main/INFO]: Registering Ribbit umbrella types...
[21:02:53] [main/INFO]: Registering Ribbit professions...
[21:02:53] [main/INFO]: Registering Ribbit data serializers...
[21:02:54] [main/INFO]: Updated config file at /workspaces/NEXUS/config/rightclickharvest.json5
[21:02:54] [main/INFO]: Initializing Right Click Harvest on FABRIC
[21:02:54] [main/INFO]: Registering 49 blocks
[21:02:54] [main/INFO]: Registering block items for 49 blocks
[21:02:54] [main/INFO]: Registered block items
[21:02:54] [main/INFO]: Registered creative tab
[21:02:54] [main/INFO]: Registered biome modifications for 23 features
[21:02:54] [main/INFO]: Registered composting for all flowers
[21:02:54] [main/INFO]: Registered particle types
[21:02:54] [main/INFO]: Registered 15 hybrid breeding recipes
[21:02:54] [main/INFO]: Loading config SimpleCopperPipesConfig from simple_copper_pipes
[21:02:54] [main/INFO]: Saving config SimpleCopperPipesConfig from simple_copper_pipes
[21:02:54] [main/INFO]: Loaded 293 hat entries from simplehats.json
[21:02:54] [main/INFO]: Generated 294 hat items from hat entries.
[21:02:54] [main/INFO]: Initializing Sooty Chimneys compat with Create...
[21:02:54] [main/INFO]: Loaded config spelunkery-common.json
[21:02:54] [main/INFO]: Registering mod blocks for spudaciousshops
[21:02:54] [main/INFO]: Registering mod items for spudaciousshops
[21:02:54] [main/INFO]: Registering block entities forspudaciousshops
[21:02:54] [main/INFO]: Registering screen handlers for spudaciousshops
[21:02:54] [main/INFO]: Registering mod loot table conditions for spudaciousshops
[21:02:54] [main/INFO]: Squish Initialized
[21:02:54] [main/INFO]: Creating asynchronous mapping cache executor...
[21:02:54] [Mappings Cache Thread #1/INFO]: Verifying cache of yarn mappings...
[21:02:54] [Mappings Cache Thread #1/INFO]: Latest build for yarn is already cached (0 hour(s) ago, refresh in 48 hour(s))
[21:02:54] [Mappings Cache Thread #1/INFO]: Mappings for yarn build 1.20.1+build.10 are already downloaded
[21:02:54] [Mappings Cache Thread #1/INFO]: Verified cache of yarn mappings (took 1ms)
[21:02:54] [Mappings Cache Thread #1/INFO]: Parsing yarn mappings...
[21:02:54] [main/INFO]: New compacting rule 4 clay_ball = 1 clay
[21:02:54] [main/INFO]: New compacting rule 4 snowball = 1 snow_block
[21:02:54] [main/INFO]: New compacting rule 4 glowstone_dust = 1 glowstone
[21:02:54] [main/INFO]: New compacting rule 4 brick = 1 bricks
[21:02:54] [main/INFO]: New compacting rule 4 nether_brick = 1 nether_bricks
[21:02:54] [main/INFO]: New compacting rule 9 nether_wart = 1 nether_wart_block
[21:02:54] [main/INFO]: New compacting rule 4 quartz = 1 quartz_block
[21:02:54] [main/INFO]: New compacting rule 9 melon_slice = 1 melon
[21:02:54] [main/INFO]: New compacting rule 9 bamboo = 1 bamboo_block
[21:02:54] [main/INFO]: New compacting rule 4 clay_ball = 1 clay
[21:02:54] [main/INFO]: New denied storage item creative_vending_upgrade
[21:02:54] [main/INFO]: Adding ore conversions for types: forge:storage_blocks, forge:ingots, forge:nuggets
[21:02:54] [main/INFO]: Adding ore conversions for materials: aluminum, constantan, steel, uranium, invar, tin, lead, silver, platinum, nickel, osmium, bronze, electrum
[21:02:54] [Mappings Cache Thread #1/INFO]: Parsed yarn mappings (took 166ms)
[21:02:54] [Mappings Cache Thread #1/INFO]: Caching yarn mappings...
[21:02:54] [Mappings Cache Thread #1/INFO]: Cached yarn mappings (took 62ms)
[21:02:54] [Mappings Cache Thread #1/INFO]: Cached mappings have been built (took 233ms)
[21:02:54] [Mappings Cache Thread #1/INFO]:   Classes: 6741
[21:02:54] [Mappings Cache Thread #1/INFO]:   Methods: 24982
[21:02:54] [Mappings Cache Thread #1/INFO]:   Fields: 28829
[21:02:54] [ForkJoinPool.commonPool-worker-1/INFO]: Shutting down asynchronous mapping cache executor...
[21:02:54] [ForkJoinPool.commonPool-worker-1/INFO]: Injecting into root logger...
[21:02:54] [main/INFO]: Loaded config supplementaries-common.json
[21:02:55] [main/INFO]: Loaded config suppsquared-common.json
[21:02:55] [main/INFO]: TameableMinisheep by thecolonel63 initialized!
[21:02:55] [main/INFO]: TameableMossbloom by thecolonel63 initialized!
[21:02:55] [main/INFO]: Registered region minecraft:overworld to index 0 for type OVERWORLD
[21:02:55] [main/INFO]: Registered region minecraft:nether to index 0 for type NETHER
[21:02:55] [main/INFO]: Registered region biomeswevegone:region_0 to index 1 for type OVERWORLD
[21:02:55] [main/INFO]: Registered region biomeswevegone:region_1 to index 2 for type OVERWORLD
[21:02:55] [main/INFO]: Registered region biomeswevegone:region_2 to index 3 for type OVERWORLD
[21:02:55] [main/INFO]: Registered region clutter:overworld to index 4 for type OVERWORLD
[21:02:55] [main/INFO]: Registered region natures_spirit:terra_ferax to index 5 for type OVERWORLD
[21:02:55] [main/INFO]: Registered region natures_spirit:terra_solaris to index 6 for type OVERWORLD
[21:02:55] [main/INFO]: Registered region natures_spirit:terra_flava to index 7 for type OVERWORLD
[21:02:55] [main/INFO]: Registered region natures_spirit:terra_mater to index 8 for type OVERWORLD
[21:02:55] [main/INFO]: Registered region natures_spirit:terra_laeta to index 9 for type OVERWORLD
[21:02:55] [main/INFO]: Registered region regions_unexplored:primary to index 10 for type OVERWORLD
[21:02:55] [main/INFO]: Registered region regions_unexplored:secondary to index 11 for type OVERWORLD
[21:02:55] [main/INFO]: Registered region regions_unexplored:nether to index 1 for type NETHER
[21:02:55] [main/INFO]: Registered region vanillabackport:overworld to index 12 for type OVERWORLD
[21:02:55] [main/INFO]: TokimisToolshed Initialized!
[21:02:55] [main/INFO]: Copper Age Backport detected! Registering copper excavator and hammer.
[21:02:55] [main/INFO]: Obsidian Equipment Reworked detected! Registering obsidian excavator and hammer.
[21:02:55] [main/INFO]: Tom's Storage Setup starting
[21:02:55] [Thread-14/WARN]: [Update] Starter Kit has an update available: 8.0 -> 8.1
[21:02:55] [main/INFO]: [STDOUT]: TxniLib onInitialize!
[21:02:55] [main/INFO]: Initializing Umbrellas
[21:02:55] [main/INFO]: Constructing common components for universalbonemeal:main
[21:02:56] [main/INFO]: Initializing Via Romana
[21:02:56] [main/INFO]: Via Romana Data Anchored
[21:02:56] [main/INFO]: Registering network packets
[21:02:56] [main/INFO]: Registered JSON trade offer adapter.
[21:02:56] [main/INFO]: [voicechat] Compatibility version 20
[21:02:56] [main/INFO]: [voicechat] Loading plugins
[21:02:56] [main/INFO]: [voicechat] Loaded 1 plugin(s)
[21:02:56] [main/INFO]: [voicechat] Initializing plugins
[21:02:56] [main/INFO]: Initializing Simple Voice Chat integration
[21:02:56] [main/INFO]: [voicechat] Initialized 1 plugin(s)
[21:02:56] [main/INFO]: [voicechat] Registering events for 'sound_physics_remastered'
[21:02:56] [main/INFO]: File exists, reading config for elocindev.welcomescreen.config.entries.MainConfig.
[21:02:56] [main/INFO]: Config for elocindev.welcomescreen.config.entries.MainConfig read successfully.
[21:02:56] [main/INFO]: Registering C2S receiver with id wildernature:screen_action
[21:02:56] [main/INFO]: File exists, reading config for elocindev.ysns.config.DisabledEntities.
[21:02:56] [main/INFO]: Config for elocindev.ysns.config.DisabledEntities read successfully.
[21:02:56] [main/INFO]: File exists, reading config for elocindev.ysns.config.PerDimensionEntities.
[21:02:56] [main/INFO]: Config for elocindev.ysns.config.PerDimensionEntities read successfully.
[21:02:56] [main/INFO]: You Shall Not Spawn's Config initialized
[21:02:56] [main/INFO]: Reflections took 2 ms to scan 1 urls, producing 1 keys and 4 values
[21:02:56] [main/INFO]: Reflections took 2 ms to scan 1 urls, producing 1 keys and 4 values
[21:02:56] [main/INFO]: Reflections took 0 ms to scan 1 urls, producing 1 keys and 2 values
[21:02:56] [main/INFO]: Reflections took 1 ms to scan 1 urls, producing 1 keys and 2 values
[21:02:56] [main/INFO]: Reflections took 0 ms to scan 1 urls, producing 1 keys and 2 values
[21:02:56] [main/INFO]: Reflections took 1 ms to scan 1 urls, producing 1 keys and 2 values
[21:02:56] [main/INFO]: [STDOUT]: Starting Mo Glass...
[21:02:57] [main/INFO]: Initialized block sets in 79ms
[21:02:57] [main/INFO]: Loaded config smarterfarmers-common.json
[21:02:57] [main/INFO]: Loaded config sawmill-common.json
[21:02:57] [main/INFO]: Loaded config amendments-client.json
[21:02:57] [main/INFO]: Initialized color sets in 165ms
[21:02:57] [main/INFO]: Finished mod setup in: [0] ms
[21:02:57] [main/INFO]: Finished mod setup in: [0, 0, 0, 0, 0, 0, 17, 0] ms
[21:02:57] [main/INFO]: Loading Open Parties and Claims!
[21:02:57] [main/INFO]: Registering common data for channel xaerolib:main!
[21:02:57] [main/INFO]: Loading primary common config for channel xaerolib:main!
[21:02:57] [main/INFO]: Loading server config profiles for channel xaerolib:main!
[21:02:57] [main/INFO]: Loading XaeroLib common 1/2!
[21:02:57] [main/INFO]: Loading XaeroLib server 1/2!
[21:02:57] [main/INFO]: Registering common data for channel xaerominimap:main!
[21:02:57] [main/INFO]: Loading primary common config for channel xaerominimap:main!
[21:02:57] [main/INFO]: Loading server config profiles for channel xaerominimap:main!
[21:02:57] [main/INFO]: Loading Xaero's Minimap - Stage 1/2 (Server)
[21:02:57] [main/INFO]: Registering common data for channel xaeroworldmap:main!
[21:02:57] [main/INFO]: Loading primary common config for channel xaeroworldmap:main!
[21:02:57] [main/INFO]: Loading server config profiles for channel xaeroworldmap:main!
[21:02:57] [main/INFO]: Loading Xaero's World Map - Stage 1/2 (Server)
[21:02:58] [main/INFO]: Preparing Data Pack injection.
[21:02:58] [main/INFO]: Loaded archive Data Pack from /workspaces/NEXUS/./config/openloader/data/Icon_Xaero's_1.2_HF.zip.
[21:02:58] [main/INFO]: Loaded archive Data Pack from /workspaces/NEXUS/./config/openloader/data/Repurposed_Structures-VillagersPlus_v3.zip.
[21:02:58] [main/INFO]: Loaded archive Data Pack from /workspaces/NEXUS/./config/openloader/data/tokimi.-Tokimi-emojiful-datapack.zip.
[21:02:58] [main/INFO]: Loaded archive Data Pack from /workspaces/NEXUS/./config/openloader/data/Dungeons and Taverns 3.0.3.fix.zip.
[21:02:58] [main/INFO]: Loaded archive Data Pack from /workspaces/NEXUS/./config/openloader/data/Homestead Mod Configurations.zip.
[21:02:58] [main/INFO]: Loaded archive Data Pack from /workspaces/NEXUS/./config/openloader/data/Incendium_1.20_v5.3.5.zip.
[21:02:58] [main/INFO]: Loaded archive Data Pack from /workspaces/NEXUS/./config/openloader/data/ImprovedPillagerOutpost-v5.zip.
[21:02:58] [main/INFO]: Loaded archive Data Pack from /workspaces/NEXUS/./config/openloader/data/Homestead DarkSmelting.zip.
[21:02:58] [main/INFO]: Loaded archive Data Pack from /workspaces/NEXUS/./config/openloader/data/iron_chests_pickaxe_tag.zip.
[21:02:58] [main/INFO]: Loaded archive Data Pack from /workspaces/NEXUS/./config/openloader/data/qrafty's-end-villages.zip.
[21:02:58] [main/INFO]: Loaded archive Data Pack from /workspaces/NEXUS/./config/openloader/data/v6qraftyfied.zip.
[21:02:58] [main/WARN]: Missing metadata in pack data/Homestead Spelunkery.zip
[21:02:58] [main/INFO]: Loaded archive Data Pack from /workspaces/NEXUS/./config/openloader/data/Repurposed_Structures-Chef's_Delight_v3.zip.
[21:02:58] [main/INFO]: Loaded archive Data Pack from /workspaces/NEXUS/./config/openloader/data/Repurposed_Structures-Farmers_Delight_v6.zip.
[21:02:58] [main/INFO]: Loaded archive Data Pack from /workspaces/NEXUS/./config/openloader/data/Better Trees 1.8.zip.
[21:02:58] [main/INFO]: Loaded archive Data Pack from /workspaces/NEXUS/./config/openloader/data/eldritch_end_etyr_recipe_fix-1.20.1_1.0.zip.
[21:02:58] [main/INFO]: Loaded archive Data Pack from /workspaces/NEXUS/./config/openloader/data/Repurposed_Structures-Better_Dungeons_v5.zip.
[21:02:58] [main/INFO]: Successfully injected 16/16 packs from /workspaces/NEXUS/./config/openloader/data.
[21:02:58] [main/INFO]: Preparing Data Pack injection.
[21:02:58] [main/INFO]: Loaded archive Data Pack from /workspaces/NEXUS/./config/openloader/data/Icon_Xaero's_1.2_HF.zip.
[21:02:58] [main/INFO]: Loaded archive Data Pack from /workspaces/NEXUS/./config/openloader/data/Repurposed_Structures-VillagersPlus_v3.zip.
[21:02:58] [main/INFO]: Loaded archive Data Pack from /workspaces/NEXUS/./config/openloader/data/tokimi.-Tokimi-emojiful-datapack.zip.
[21:02:58] [main/INFO]: Loaded archive Data Pack from /workspaces/NEXUS/./config/openloader/data/Dungeons and Taverns 3.0.3.fix.zip.
[21:02:58] [main/INFO]: Loaded archive Data Pack from /workspaces/NEXUS/./config/openloader/data/Homestead Mod Configurations.zip.
[21:02:58] [main/INFO]: Loaded archive Data Pack from /workspaces/NEXUS/./config/openloader/data/Incendium_1.20_v5.3.5.zip.
[21:02:58] [main/INFO]: Loaded archive Data Pack from /workspaces/NEXUS/./config/openloader/data/ImprovedPillagerOutpost-v5.zip.
[21:02:58] [main/INFO]: Loaded archive Data Pack from /workspaces/NEXUS/./config/openloader/data/Homestead DarkSmelting.zip.
[21:02:58] [main/INFO]: Loaded archive Data Pack from /workspaces/NEXUS/./config/openloader/data/iron_chests_pickaxe_tag.zip.
[21:02:58] [main/INFO]: Loaded archive Data Pack from /workspaces/NEXUS/./config/openloader/data/qrafty's-end-villages.zip.
[21:02:58] [main/INFO]: Loaded archive Data Pack from /workspaces/NEXUS/./config/openloader/data/v6qraftyfied.zip.
[21:02:58] [main/WARN]: Missing metadata in pack data/Homestead Spelunkery.zip
[21:02:58] [main/INFO]: Loaded archive Data Pack from /workspaces/NEXUS/./config/openloader/data/Repurposed_Structures-Chef's_Delight_v3.zip.
[21:02:58] [main/INFO]: Loaded archive Data Pack from /workspaces/NEXUS/./config/openloader/data/Repurposed_Structures-Farmers_Delight_v6.zip.
[21:02:58] [main/INFO]: Loaded archive Data Pack from /workspaces/NEXUS/./config/openloader/data/Better Trees 1.8.zip.
[21:02:58] [main/INFO]: Loaded archive Data Pack from /workspaces/NEXUS/./config/openloader/data/eldritch_end_etyr_recipe_fix-1.20.1_1.0.zip.
[21:02:58] [main/INFO]: Loaded archive Data Pack from /workspaces/NEXUS/./config/openloader/data/Repurposed_Structures-Better_Dungeons_v5.zip.
[21:02:58] [main/INFO]: Successfully injected 16/16 packs from /workspaces/NEXUS/./config/openloader/data.
[21:02:58] [main/INFO]: Environment: authHost='https://authserver.mojang.com', accountsHost='https://api.mojang.com', sessionHost='https://sessionserver.mojang.com', servicesHost='https://api.minecraftservices.com', name='PROD'
[21:02:58] [main/INFO]: Created 1215 recipes which will be injected into the game
[21:02:59] [main/INFO]: Created 23 tags which will be injected into the game
[21:02:59] [main/INFO]: Ksyxis: Enabled compatibility hack with ModernFix. (removeSpawnChunks: false)
[21:02:59] [main/INFO]: Preparing Data Pack injection.
[21:02:59] [main/INFO]: Loaded archive Data Pack from /workspaces/NEXUS/./config/openloader/data/Icon_Xaero's_1.2_HF.zip.
[21:02:59] [main/INFO]: Loaded archive Data Pack from /workspaces/NEXUS/./config/openloader/data/Repurposed_Structures-VillagersPlus_v3.zip.
[21:02:59] [main/INFO]: Loaded archive Data Pack from /workspaces/NEXUS/./config/openloader/data/tokimi.-Tokimi-emojiful-datapack.zip.
[21:02:59] [main/INFO]: Loaded archive Data Pack from /workspaces/NEXUS/./config/openloader/data/Dungeons and Taverns 3.0.3.fix.zip.
[21:02:59] [main/INFO]: Loaded archive Data Pack from /workspaces/NEXUS/./config/openloader/data/Homestead Mod Configurations.zip.
[21:02:59] [main/INFO]: Loaded archive Data Pack from /workspaces/NEXUS/./config/openloader/data/Incendium_1.20_v5.3.5.zip.
[21:02:59] [main/INFO]: Loaded archive Data Pack from /workspaces/NEXUS/./config/openloader/data/ImprovedPillagerOutpost-v5.zip.
[21:02:59] [main/INFO]: Loaded archive Data Pack from /workspaces/NEXUS/./config/openloader/data/Homestead DarkSmelting.zip.
[21:02:59] [main/INFO]: Loaded archive Data Pack from /workspaces/NEXUS/./config/openloader/data/iron_chests_pickaxe_tag.zip.
[21:02:59] [main/INFO]: Loaded archive Data Pack from /workspaces/NEXUS/./config/openloader/data/qrafty's-end-villages.zip.
[21:02:59] [main/INFO]: Loaded archive Data Pack from /workspaces/NEXUS/./config/openloader/data/v6qraftyfied.zip.
[21:02:59] [main/WARN]: Missing metadata in pack data/Homestead Spelunkery.zip
[21:02:59] [main/INFO]: Loaded archive Data Pack from /workspaces/NEXUS/./config/openloader/data/Repurposed_Structures-Chef's_Delight_v3.zip.
[21:02:59] [main/INFO]: Loaded archive Data Pack from /workspaces/NEXUS/./config/openloader/data/Repurposed_Structures-Farmers_Delight_v6.zip.
[21:02:59] [main/INFO]: Loaded archive Data Pack from /workspaces/NEXUS/./config/openloader/data/Better Trees 1.8.zip.
[21:02:59] [main/INFO]: Loaded archive Data Pack from /workspaces/NEXUS/./config/openloader/data/eldritch_end_etyr_recipe_fix-1.20.1_1.0.zip.
[21:02:59] [main/INFO]: Loaded archive Data Pack from /workspaces/NEXUS/./config/openloader/data/Repurposed_Structures-Better_Dungeons_v5.zip.
[21:02:59] [main/INFO]: Successfully injected 16/16 packs from /workspaces/NEXUS/./config/openloader/data.
[21:02:59] [main/INFO]: Found new data pack create:dynamic_data, loading it automatically
[21:02:59] [main/INFO]: Found new data pack Sawmill Sawmill Recipes, loading it automatically
[21:02:59] [main/INFO]: Found new data pack Suppsquared Generated Pack, loading it automatically
[21:02:59] [main/INFO]: Found new data pack fabric, loading it automatically
[21:02:59] [main/INFO]: Found new data pack tectonic:tectonic, loading it automatically
[21:02:59] [main/INFO]: Found new data pack natures_spirit:modified_windswept_hills, loading it automatically
[21:02:59] [main/INFO]: Found new data pack natures_spirit:modified_desert, loading it automatically
[21:02:59] [main/INFO]: Found new data pack natures_spirit:modified_flower_forest, loading it automatically
[21:02:59] [main/INFO]: Found new data pack natures_spirit:modified_birch_forest, loading it automatically
[21:02:59] [main/INFO]: Found new data pack natures_spirit:modified_dark_forest, loading it automatically
[21:02:59] [main/INFO]: Found new data pack natures_spirit:modified_swamp, loading it automatically
[21:02:59] [main/INFO]: Found new data pack natures_spirit:modified_jungle, loading it automatically
[21:02:59] [main/INFO]: Found new data pack lithostitched:breaks_seed_parity, loading it automatically
[21:02:59] [main/INFO]: Found new data pack natures_spirit:modified_mountain_biomes, loading it automatically
[21:02:59] [main/INFO]: Found new data pack natures_spirit:modified_badlands, loading it automatically
[21:02:59] [main/INFO]: Found new data pack natures_spirit:modified_savannas, loading it automatically
[21:02:59] [main/INFO]: Found new data pack Runtime Pack, loading it automatically
[21:02:59] [main/INFO]: Found new data pack data/Icon_Xaero's_1.2_HF.zip, loading it automatically
[21:02:59] [main/INFO]: Found new data pack data/Repurposed_Structures-VillagersPlus_v3.zip, loading it automatically
[21:02:59] [main/INFO]: Found new data pack data/tokimi.-Tokimi-emojiful-datapack.zip, loading it automatically
[21:02:59] [main/INFO]: Found new data pack data/Dungeons and Taverns 3.0.3.fix.zip, loading it automatically
[21:02:59] [main/INFO]: Found new data pack data/Homestead Mod Configurations.zip, loading it automatically
[21:02:59] [main/INFO]: Found new data pack data/Incendium_1.20_v5.3.5.zip, loading it automatically
[21:02:59] [main/INFO]: Found new data pack data/ImprovedPillagerOutpost-v5.zip, loading it automatically
[21:02:59] [main/INFO]: Found new data pack data/Homestead DarkSmelting.zip, loading it automatically
[21:02:59] [main/INFO]: Found new data pack data/iron_chests_pickaxe_tag.zip, loading it automatically
[21:02:59] [main/INFO]: Found new data pack data/qrafty's-end-villages.zip, loading it automatically
[21:02:59] [main/INFO]: Found new data pack data/v6qraftyfied.zip, loading it automatically
[21:02:59] [main/INFO]: Found new data pack data/Repurposed_Structures-Chef's_Delight_v3.zip, loading it automatically
[21:02:59] [main/INFO]: Found new data pack data/Repurposed_Structures-Farmers_Delight_v6.zip, loading it automatically
[21:02:59] [main/INFO]: Found new data pack data/Better Trees 1.8.zip, loading it automatically
[21:02:59] [main/INFO]: Found new data pack data/eldritch_end_etyr_recipe_fix-1.20.1_1.0.zip, loading it automatically
[21:02:59] [main/INFO]: Found new data pack data/Repurposed_Structures-Better_Dungeons_v5.zip, loading it automatically
[21:02:59] [main/INFO]: Found new data pack tectonic/tectonic/overlay.mod, loading it automatically
[21:02:59] [main/INFO]: Found new data pack Spelunkery Generated Pack, loading it automatically
[21:02:59] [main/INFO]: Found new data pack Supplementaries Generated Pack, loading it automatically
[21:02:59] [main/INFO]: Found new data pack Via Romana Dynamic Tags, loading it automatically
[21:02:59] [main/INFO]: example.js#5: Hello, World! (Loaded server scripts)
[21:02:59] [main/INFO]: Loaded script server_scripts:example.js in 0.0 s
[21:02:59] [main/INFO]: Loaded 1/1 KubeJS server scripts in 0.019 s with 0 errors and 0 warnings
[21:02:59] [main/INFO]: Scripts loaded
[21:02:59] [main/INFO]: Starting runtime resource generation for pack type SERVER_DATA with generators from mods [spelunkery, supplementaries, via_romana, sawmill, suppsquared]: [com.ordana.spelunkery.loot_modifiers.ModLootOverrides@1109fb99, net.mehvahdjukaar.supplementaries.dynamicpack.ServerDynamicResourcesGenerator@7a594e3b, net.rasanovum.viaromana.tags.ServerResourcesGenerator@5b2481a0, net.mehvahdjukaar.sawmill.SawmillRecipeGenerator@42454920, net.mehvahdjukaar.suppsquared.common.ServerPackProvider@3c489f76]
[21:02:59] [main/INFO]: Generating runtime assets for pack Spelunkery Generated Pack (spelunkery)
[21:02:59] [main/INFO]: Generated runtime SERVER_DATA for pack Spelunkery Generated Pack (spelunkery) in: 15 ms (multithreaded)
[21:02:59] [main/INFO]: Generating runtime assets for pack Supplementaries Generated Pack (supplementaries)
[21:02:59] [main/INFO]: Generated runtime SERVER_DATA for pack Supplementaries Generated Pack (supplementaries) in: 31 ms (multithreaded)
[21:02:59] [main/INFO]: Generating runtime assets for pack Via Romana Dynamic Tags (via_romana)
[21:02:59] [pool-11-thread-1/INFO]: Successfully generated dynamic tags
[21:02:59] [pool-11-thread-1/INFO]: Successfully regenerated dynamic server resources.
[21:02:59] [main/INFO]: Generated runtime SERVER_DATA for pack Via Romana Dynamic Tags (via_romana) in: 91 ms (multithreaded)
[21:02:59] [main/INFO]: Generating runtime assets for pack Sawmill Sawmill Recipes (sawmill)
[21:02:59] [main/INFO]: Generated runtime SERVER_DATA for pack Sawmill Sawmill Recipes (sawmill) in: 0 ms (debug resource dump on) (multithreaded)
[21:02:59] [main/INFO]: Generating runtime assets for pack Suppsquared Generated Pack (suppsquared)
[21:02:59] [main/INFO]: Generated runtime SERVER_DATA for pack Suppsquared Generated Pack (suppsquared) in: 38 ms (multithreaded)
[21:02:59] [main/INFO]: Finished runtime resources generation for 5 packs in a total of 180 ms
[21:03:01] [main/ERROR]: key missing: bei_ExtraDragonFight in {BorderCenterX:0.0d,BorderCenterZ:0.0d,BorderDamagePerBlock:0.2d,BorderSafeZone:5.0d,BorderSize:5.9999968E7d,BorderSizeLerpTarget:5.9999968E7d,BorderSizeLerpTime:0L,BorderWarningBlocks:5.0d,BorderWarningTime:15.0d,CustomBossEvents:{},DataPacks:{Disabled:["bundle"],Enabled:["vanilla"]},DataVersion:3465,DayTime:8484L,Difficulty:1b,DifficultyLocked:0b,DragonFight:{DragonKilled:0b,Gateways:[I;6,15,2,13,5,17,14,3,10,4,0,7,11,18,12,1,8,9,19,16],NeedsStateScanning:1b,PreviouslyKilled:0b},GameRules:{announceAdvancements:"true",blockExplosionDropDecay:"true",commandBlockOutput:"true",commandModificationBlockLimit:"32768",disableElytraMovementCheck:"false",disableRaids:"false",doDaylightCycle:"true",doEntityDrops:"true",doFireTick:"true",doImmediateRespawn:"false",doInsomnia:"true",doLimitedCrafting:"false",doMobLoot:"true",doMobSpawning:"true",doPatrolSpawning:"true",doTileDrops:"true",doTraderSpawning:"true",doVinesSpread:"true",doWardenSpawning:"true",doWeatherCycle:"true",drowningDamage:"true",fallDamage:"true",fireDamage:"true",forgiveDeadPlayers:"true",freezeDamage:"true",globalSoundEvents:"true",keepInventory:"false",lavaSourceConversion:"false",logAdminCommands:"true",maxCommandChainLength:"65536",maxEntityCramming:"24",mobExplosionDropDecay:"true",mobGriefing:"true",naturalRegeneration:"true",playersSleepingPercentage:"100",randomTickSpeed:"3",reducedDebugInfo:"false",sendCommandFeedback:"true",showDeathMessages:"true",snowAccumulationHeight:"1",spawnRadius:"10",spectatorsGenerateChunks:"true",tntExplosionDropDecay:"false",universalAnger:"false",waterSourceConversion:"true"},GameType:0,LastPlayed:1787518938183L,LevelName:"world",ScheduledEvents:[],ServerBrands:["vanilla"],SpawnAngle:0.0f,SpawnX:256,SpawnY:76,SpawnZ:0,Time:8484L,Version:{Id:3465,Name:"1.20.1",Series:"main",Snapshot:0b},WanderingTraderSpawnChance:25,WanderingTraderSpawnDelay:15600,WasModded:0b,WorldGenSettings:{bonus_chest:0b,dimensions:{"minecraft:overworld":{generator:{biome_source:{preset:"minecraft:overworld",type:"minecraft:multi_noise"},settings:"minecraft:overworld",type:"minecraft:noise"},type:"minecraft:overworld"},"minecraft:the_end":{generator:{biome_source:{type:"minecraft:the_end"},settings:"minecraft:end",type:"minecraft:noise"},type:"minecraft:the_end"},"minecraft:the_nether":{generator:{biome_source:{preset:"minecraft:nether",type:"minecraft:multi_noise"},settings:"minecraft:nether",type:"minecraft:noise"},type:"minecraft:the_nether"}},generate_features:1b,seed:138162383150462510L},allowCommands:0b,clearWeatherTime:0,hardcore:0b,initialized:1b,rainTime:29633,raining:0b,thunderTime:60634,thundering:0b,version:19133}
[21:03:01] [main/INFO]: Registered /wine command
[21:03:02] [Worker-Main-1/ERROR]: [Load My Fucking Tags] Couldn't load certain entries with the tag letsdoaddon-structures:has_structure/warped_vinery: #nethervinery:spawns_warped_grape (from fabric)
[21:03:02] [Worker-Main-1/ERROR]: [Load My Fucking Tags] Couldn't load certain entries with the tag letsdoaddon-structures:has_structure/swamp_well: #bloomingnature:mangrove_swamp (from fabric), #bloomingnature:swamp (from fabric)
[21:03:02] [Worker-Main-1/ERROR]: [Load My Fucking Tags] Couldn't load certain entries with the tag letsdoaddon-structures:has_structure/mangrove_outpost: #bloomingnature:mangrove_swamp (from fabric)
[21:03:02] [Worker-Main-1/ERROR]: [Load My Fucking Tags] Couldn't load certain entries with the tag letsdoaddon-structures:has_structure/mangrove_hut: #bloomingnature:mangrove_swamp (from fabric)
[21:03:02] [Worker-Main-1/ERROR]: [Load My Fucking Tags] Couldn't load certain entries with the tag letsdoaddon-structures:has_structure/crimson_vinery: #nethervinery:spawns_crimson_grape (from fabric)
[21:03:02] [Worker-Main-1/ERROR]: [Load My Fucking Tags] Couldn't load certain entries with the tag letsdoaddon-structures:has_structure/mangrove_pond: #bloomingnature:mangrove_swamp (from fabric)
[21:03:02] [Worker-Main-3/ERROR]: [Load My Fucking Tags] Couldn't load certain entries with the tag minecraft:default_spawns: minecraft:tabby (from vanilla), minecraft:black (from vanilla), minecraft:red (from vanilla), minecraft:siamese (from vanilla), minecraft:british_shorthair (from vanilla), minecraft:calico (from vanilla), minecraft:persian (from vanilla), minecraft:ragdoll (from vanilla), minecraft:white (from vanilla), minecraft:jellie (from vanilla)
[21:03:02] [Worker-Main-3/ERROR]: [Load My Fucking Tags] Couldn't load certain entries with the tag minecraft:full_moon_spawns: minecraft:all_black (from vanilla), copycats:copy_cat (from fabric)
[21:03:02] [Worker-Main-1/ERROR]: [Load My Fucking Tags] Couldn't load certain entries with the tag fetzisasiandeco:epic_samurai_weapon: epicsamurai:katana (from fabric), epicsamurai:wakizashi (from fabric), epicsamurai:naginata (from fabric), epicsamurai:nagamaki (from fabric), epicsamurai:shuko (from fabric), epicsamurai:tetsubo (from fabric), epicsamurai:odachi (from fabric), epicsamurai:tonbukiri (from fabric), epicsamurai:kamayari (from fabric), epicsamurai:tanegashima (from fabric), epicsamurai:kunai (from fabric), epicsamurai:kama (from fabric), epicsamurai:sai (from fabric), epicsamurai:shuriken (from fabric), epicsamurai:katana_netherite (from fabric), epicsamurai:wakizashi_netherite (from fabric), epicsamurai:katana_oni (from fabric), epicsamurai:katana_kitsune (from fabric), epicsamurai:katana_kitsune_blue (from fabric), epicsamurai:katana_akaname (from fabric), epicsamurai:katana_jorogumo (from fabric), epicsamurai:naginata_netherite (from fabric), epicsamurai:nagamaki_netherite (from fabric), epicsamurai:shuko_netherite (from fabric), epicsamurai:tetsubo_netherite (from fabric), epicsamurai:odachi_netherite (from fabric), epicsamurai:tonbukiri_netherite (from fabric), epicsamurai:kamayari_netherite (from fabric), epicsamurai:kunai_netherite (from fabric), epicsamurai:kama_netherite (from fabric), epicsamurai:sai_netherite (from fabric)
